{"losses_distributed": [[1, 0.3045393105561369], [2, 0.2880755757881423], [3, 0.2731999743904843], [4, 0.2594337477558431], [5, 0.2378354990029637]], "losses_centralized": [[0, 0.2885704783201218], [1, 0.28120554995536806], [2, 0.2713546756029129], [3, 0.25783333302736283], [4, 0.24184671300649643], [5, 0.22402912826538085]], "metrics_distributed_fit": {"train_loss": [[1, 0.5124103265633648], [2, 0.4949218107674994], [3, 0.47218631117007387], [4, 0.45678391432576126], [5, 0.40270377881074726]], "train_accuracy": [[1, 0.3124588622472967], [2, 0.3792440743113389], [3, 0.4438412579558218], [4, 0.49061861415567526], [5, 0.5863236909556939]]}, "metrics_distributed": {"test_accuracy": [[1, 0.2506393861892583], [2, 0.21525423728813559], [3, 0.5293624161073825], [4, 0.6083262531860663], [5, 0.5713080168776371]]}, "metrics_centralized": {"test_accuracy": [[0, 0.0817], [1, 0.2879], [2, 0.2183], [3, 0.5095], [4, 0.6005], [5, 0.5577]]}, "use_wandb": false}