{"losses_distributed": [[1, 0.2991252188733283], [2, 0.7339894147182756], [3, 0.8086902740201056], [4, 2.3843681930393252], [5, 2.3567362700603236], [6, NaN], [7, NaN], [8, NaN], [9, NaN], [10, NaN], [11, NaN], [12, NaN], [13, NaN], [14, NaN], [15, NaN], [16, NaN], [17, NaN], [18, NaN], [19, NaN], [20, NaN], [21, NaN], [22, NaN], [23, NaN], [24, NaN], [25, NaN], [26, NaN], [27, NaN], [28, NaN], [29, NaN], [30, NaN], [31, NaN], [32, NaN], [33, NaN], [34, NaN], [35, NaN], [36, NaN], [37, NaN], [38, NaN], [39, NaN], [40, NaN], [41, NaN], [42, NaN], [43, NaN], [44, NaN], [45, NaN], [46, NaN], [47, NaN], [48, NaN], [49, NaN], [50, NaN]], "losses_centralized": [[0, 0.28825004000663756], [1, 0.28154474338293073], [2, 0.7977004904091358], [3, 0.8020450414538384], [4, 2.1840454062461854], [5, 1.8066366661950946], [6, NaN], [7, NaN], [8, NaN], [9, NaN], [10, NaN], [11, NaN], [12, NaN], [13, NaN], [14, NaN], [15, NaN], [16, NaN], [17, NaN], [18, NaN], [19, NaN], [20, NaN], [21, NaN], [22, NaN], [23, NaN], [24, NaN], [25, NaN], [26, NaN], [27, NaN], [28, NaN], [29, NaN], [30, NaN], [31, NaN], [32, NaN], [33, NaN], [34, NaN], [35, NaN], [36, NaN], [37, NaN], [38, NaN], [39, NaN], [40, NaN], [41, NaN], [42, NaN], [43, NaN], [44, NaN], [45, NaN], [46, NaN], [47, NaN], [48, NaN], [49, NaN], [50, NaN]], "metrics_distributed_fit": {"train_loss": [[1, 29502.6396468123], [2, 9234418.792958518], [3, 88.3301701305605], [4, 185389.87044982138], [5, 10770106.1382673], [6, NaN], [7, NaN], [8, NaN], [9, NaN], [10, NaN], [11, NaN], [12, NaN], [13, NaN], [14, NaN], [15, NaN], [16, NaN], [17, NaN], [18, NaN], [19, NaN], [20, NaN], [21, NaN], [22, NaN], [23, NaN], [24, NaN], [25, NaN], [26, NaN], [27, NaN], [28, NaN], [29, NaN], [30, NaN], [31, NaN], [32, NaN], [33, NaN], [34, NaN], [35, NaN], [36, NaN], [37, NaN], [38, NaN], [39, NaN], [40, NaN], [41, NaN], [42, NaN], [43, NaN], [44, NaN], [45, NaN], [46, NaN], [47, NaN], [48, NaN], [49, NaN], [50, NaN]], "train_accuracy": [[1, 13.387832017229002], [2, 13.124699813217113], [3, 13.90806558620036], [4, 14.466270566727605], [5, 15.812947606483226], [6, 13.487051979733533], [7, 0.0], [8, 0.0], [9, 0.0], [10, 0.0], [11, 0.0], [12, 0.0], [13, 0.0], [14, 0.0], [15, 0.0], [16, 0.0], [17, 0.0], [18, 0.0], [19, 0.0], [20, 0.0], [21, 0.0], [22, 0.0], [23, 0.0], [24, 0.0], [25, 0.0], [26, 0.0], [27, 0.0], [28, 0.0], [29, 0.0], [30, 0.0], [31, 0.0], [32, 0.0], [33, 0.0], [34, 0.0], [35, 0.0], [36, 0.0], [37, 0.0], [38, 0.0], [39, 0.0], [40, 0.0], [41, 0.0], [42, 0.0], [43, 0.0], [44, 0.0], [45, 0.0], [46, 0.0], [47, 0.0], [48, 0.0], [49, 0.0], [50, 0.0]]}, "metrics_distributed": {"test_accuracy": [[1, 0.28595744680851065], [2, 0.39335664335664333], [3, 0.22679509632224168], [4, 0.16458852867830423], [5, 0.34323144104803494], [6, 0.0], [7, 0.0], [8, 0.0], [9, 0.0], [10, 0.0], [11, 0.0], [12, 0.0], [13, 0.0], [14, 0.0], [15, 0.0], [16, 0.0], [17, 0.0], [18, 0.0], [19, 0.0], [20, 0.0], [21, 0.0], [22, 0.0], [23, 0.0], [24, 0.0], [25, 0.0], [26, 0.0], [27, 0.0], [28, 0.0], [29, 0.0], [30, 0.0], [31, 0.0], [32, 0.0], [33, 0.0], [34, 0.0], [35, 0.0], [36, 0.0], [37, 0.0], [38, 0.0], [39, 0.0], [40, 0.0], [41, 0.0], [42, 0.0], [43, 0.0], [44, 0.0], [45, 0.0], [46, 0.0], [47, 0.0], [48, 0.0], [49, 0.0], [50, 0.0]]}, "metrics_centralized": {"test_accuracy": [[0, 0.0602], [1, 0.2595], [2, 0.3045], [3, 0.2894], [4, 0.1169], [5, 0.4169], [6, 0.0], [7, 0.0], [8, 0.0], [9, 0.0], [10, 0.0], [11, 0.0], [12, 0.0], [13, 0.0], [14, 0.0], [15, 0.0], [16, 0.0], [17, 0.0], [18, 0.0], [19, 0.0], [20, 0.0], [21, 0.0], [22, 0.0], [23, 0.0], [24, 0.0], [25, 0.0], [26, 0.0], [27, 0.0], [28, 0.0], [29, 0.0], [30, 0.0], [31, 0.0], [32, 0.0], [33, 0.0], [34, 0.0], [35, 0.0], [36, 0.0], [37, 0.0], [38, 0.0], [39, 0.0], [40, 0.0], [41, 0.0], [42, 0.0], [43, 0.0], [44, 0.0], [45, 0.0], [46, 0.0], [47, 0.0], [48, 0.0], [49, 0.0], [50, 0.0]]}, "use_wandb": false}