{"losses_distributed": [[1, 0.3199710303423356], [2, 0.2970290274036174], [3, 0.27321048756035005], [4, 0.2536671914008199], [5, 0.2514831705969207], [6, 0.23031544934730142], [7, 0.2193168745357163], [8, 0.2139296856461739], [9, 0.20717427216622294], [10, 0.21033808503832135], [11, 0.19971091154278542], [12, 0.20622960265193666], [13, 0.21713902735892607], [14, 0.2084284584893256], [15, 0.20845341761121336], [16, 0.22539926066386456], [17, 0.19911099638105656], [18, 0.25557231350364734], [19, 0.23656750839982865], [20, 0.21699399404341774], [21, 0.22597925481719097], [22, 0.23126836762839587], [23, 0.23213497979224337], [24, 0.23215547217132182], [25, 0.226586620652649], [26, 0.18898727788105227], [27, 0.21441724016236102], [28, 0.22765958833565214], [29, 0.21595216972625111], [30, 0.22872154287119606], [31, 0.2083166587693921], [32, 0.22361941646870073], [33, 0.21583771007325575], [34, 0.20765366866395865], [35, 0.2342875010310197], [36, 0.23462187031103413], [37, 0.21835593455376065], [38, 0.20482393060644558], [39, 0.18654006301658227], [40, 0.2232450392886008], [41, 0.2182197663126447], [42, 0.2304473941518488], [43, 0.2113082579209954], [44, 0.19931767564979666], [45, 0.2211591950949158], [46, 0.21654836904561642], [47, 0.20139941918753962], [48, 0.17296838106938556], [49, 0.21676202724011834], [50, 0.20494952634813227]], "losses_centralized": [[0, 0.2879712468385696], [1, 0.27931636587381364], [2, 0.2538645982265472], [3, 0.23397796725034714], [4, 0.2176290695130825], [5, 0.20443909102082253], [6, 0.19356321870088578], [7, 0.1858548896431923], [8, 0.18115239319503307], [9, 0.17800710742771625], [10, 0.17446498320996762], [11, 0.17368636129498483], [12, 0.17446953777968882], [13, 0.17422114939838648], [14, 0.1746275026381016], [15, 0.18071705477386713], [16, 0.18284989785030484], [17, 0.18337377932071686], [18, 0.18884386749342083], [19, 0.19300623173974454], [20, 0.191806584803015], [21, 0.1945249841786921], [22, 0.19249064541086555], [23, 0.19126950603425502], [24, 0.19138787990920245], [25, 0.1897560406498611], [26, 0.1895167847007513], [27, 0.1854791105967015], [28, 0.18591155211478472], [29, 0.1851710987828672], [30, 0.18651113779470324], [31, 0.18611388331130146], [32, 0.18547448457218707], [33, 0.18302645895443856], [34, 0.18425026922672988], [35, 0.17923217563442886], [36, 0.17643451004326344], [37, 0.17728992667794227], [38, 0.17652742869220675], [39, 0.17590892126169055], [40, 0.17375104318801313], [41, 0.17374558096788822], [42, 0.1735371005261317], [43, 0.17087191117592157], [44, 0.1723309569835663], [45, 0.16991774919182062], [46, 0.1674860179115087], [47, 0.1659622998425737], [48, 0.16877593528982252], [49, 0.16757923691440374], [50, 0.1665250424558297]], "metrics_distributed_fit": {"train_loss": [[1, 0.5607006507365393], [2, 0.5173629710808937], [3, 0.4687375274892212], [4, 0.4299259866051981], [5, 0.3936814691631063], [6, 0.35858991611360624], [7, 0.32470030451117476], [8, 0.2946209440704992], [9, 0.26179557523541136], [10, 0.2354696935335962], [11, 0.19935101633492533], [12, 0.1624095384144741], [13, 0.13775804371006842], [14, 0.1091303751270096], [15, 0.08353607309276435], [16, 0.06533473429973875], [17, 0.04963711037987928], [18, 0.035118638682062046], [19, 0.02653934807667206], [20, 0.01935361860919761], [21, 0.015064241108297325], [22, 0.012271497742856335], [23, 0.010827744475050013], [24, 0.007454698250370663], [25, 0.007066155210890362], [26, 0.005339555521265003], [27, 0.00481291890102151], [28, 0.004702622039435345], [29, 0.004044338376528831], [30, 0.0035480504482751636], [31, 0.0031034191045484797], [32, 0.002772300186136175], [33, 0.002806999551162525], [34, 0.0027012842320777546], [35, 0.0025061845078367755], [36, 0.002275079032264607], [37, 0.0024339832776392374], [38, 0.0021708537884733074], [39, 0.002071483796407531], [40, 0.002483877348895439], [41, 0.002005321351370436], [42, 0.0018773626104113684], [43, 0.0019911868269032133], [44, 0.0017755310373492462], [45, 0.001776814636545053], [46, 0.001955765383153799], [47, 0.0018411720094693104], [48, 0.0015767222539661457], [49, 0.0016079213221458478], [50, 0.0016419085761216184]], "train_accuracy": [[1, 0.17252968855030248], [2, 0.23162259076647243], [3, 0.3062436946530658], [4, 0.36056022408963584], [5, 0.4142025089605735], [6, 0.46659941717103787], [7, 0.5222994173016584], [8, 0.5688495178291096], [9, 0.6167637830569251], [10, 0.6582633053221288], [11, 0.7132765193989684], [12, 0.7763835984763612], [13, 0.8124929909162274], [14, 0.8551585078973899], [15, 0.8989242492155984], [16, 0.9256189089279713], [17, 0.9511320331764178], [18, 0.9660580262126134], [19, 0.9804998318951026], [20, 0.986657697051239], [21, 0.9909213180901143], [22, 0.9940589619997758], [23, 0.9955161977356799], [24, 0.9974215246636772], [25, 0.9984311967727476], [26, 0.9980939567216056], [27, 0.9992160376301937], [28, 0.9989921612541993], [29, 0.9994400268787098], [30, 0.9993275050437121], [31, 0.9997758601367254], [32, 0.9996639784946236], [33, 0.9998878798071533], [34, 0.9998878546596389], [35, 1.0], [36, 0.9998878923766816], [37, 0.9998878923766816], [38, 1.0], [39, 0.9998878798071533], [40, 0.9995514186385556], [41, 0.999887904943392], [42, 1.0], [43, 1.0], [44, 1.0], [45, 1.0], [46, 0.9998879677347076], [47, 1.0], [48, 1.0], [49, 1.0], [50, 1.0]]}, "metrics_distributed": {"test_accuracy": [[1, 0.15714285714285714], [2, 0.22448979591836735], [3, 0.27653061224489794], [4, 0.32040816326530613], [5, 0.37448979591836734], [6, 0.3979591836734694], [7, 0.4387755102040816], [8, 0.49183673469387756], [9, 0.4806122448979592], [10, 0.5020408163265306], [11, 0.5204081632653061], [12, 0.523469387755102], [13, 0.5010204081632653], [14, 0.5408163265306123], [15, 0.5377551020408163], [16, 0.5428571428571428], [17, 0.563265306122449], [18, 0.5418367346938775], [19, 0.5846938775510204], [20, 0.5846938775510204], [21, 0.5836734693877551], [22, 0.5816326530612245], [23, 0.6051020408163266], [24, 0.6142857142857143], [25, 0.6183673469387755], [26, 0.6193877551020408], [27, 0.5938775510204082], [28, 0.5897959183673469], [29, 0.6040816326530613], [30, 0.5918367346938775], [31, 0.6081632653061224], [32, 0.5877551020408164], [33, 0.6051020408163266], [34, 0.6408163265306123], [35, 0.5959183673469388], [36, 0.6153061224489796], [37, 0.5918367346938775], [38, 0.6306122448979592], [39, 0.6295918367346939], [40, 0.6265306122448979], [41, 0.6336734693877552], [42, 0.6244897959183674], [43, 0.6071428571428571], [44, 0.6112244897959184], [45, 0.6051020408163266], [46, 0.6387755102040816], [47, 0.6163265306122448], [48, 0.6622448979591836], [49, 0.6265306122448979], [50, 0.65]]}, "metrics_centralized": {"test_accuracy": [[0, 0.1058], [1, 0.1541], [2, 0.2419], [3, 0.2925], [4, 0.3432], [5, 0.3964], [6, 0.4253], [7, 0.458], [8, 0.4719], [9, 0.4926], [10, 0.5045], [11, 0.5148], [12, 0.5233], [13, 0.5371], [14, 0.5412], [15, 0.5507], [16, 0.5619], [17, 0.5702], [18, 0.5718], [19, 0.5804], [20, 0.5861], [21, 0.5894], [22, 0.5924], [23, 0.5924], [24, 0.6004], [25, 0.6032], [26, 0.6078], [27, 0.6114], [28, 0.6126], [29, 0.6143], [30, 0.6151], [31, 0.6168], [32, 0.6218], [33, 0.6232], [34, 0.6209], [35, 0.6272], [36, 0.6347], [37, 0.6335], [38, 0.6371], [39, 0.6371], [40, 0.6376], [41, 0.6409], [42, 0.6407], [43, 0.6437], [44, 0.6469], [45, 0.6457], [46, 0.6487], [47, 0.6519], [48, 0.6522], [49, 0.6534], [50, 0.6549]]}, "use_wandb": false}