{"losses_distributed": [[1, 0.04160010763630271], [2, 0.03759137780366776], [3, 0.03531484378059395], [4, 0.03504407999222167], [5, 0.035514179916741946], [6, 0.03577532653972351], [7, 0.03484085583411312], [8, 0.06140408015313248], [9, 0.03437598996943173], [10, 0.03459618361841422], [11, 0.03534169594514727], [12, 0.03471057438417726], [13, 0.035044929649719656], [14, 0.034811705735570284], [15, 0.03409452434730095], [16, 0.034503750301043815], [17, 0.034036638885755865], [18, 0.03314412336147507], [19, 0.03368249075906351], [20, 0.03324715777936702], [21, 0.03373641446956511], [22, 0.0331029879359218], [23, 0.03274021502793766], [24, 0.03388954031696388], [25, 0.032969467208293884], [26, 0.03569933491240954], [27, 0.0353819209431919], [28, 0.03432665109873051], [29, 0.03459738049240938], [30, 0.03712721564108506], [31, 0.03458557336247759], [32, 0.0346398156133946], [33, 0.03301385117204821], [34, 0.033013074446857596], [35, 0.033003051588661035], [36, 0.03319379404284215], [37, 0.03453305416298099], [38, 0.0341406785484869], [39, 0.03501987807291637], [40, 0.03497098727962778], [41, 0.033464887249671546], [42, 0.035475977506876616], [43, 0.03275616991353066], [44, 0.0341526488972983], [45, 0.036105221886381815], [46, 0.0334535373771796], [47, 0.03346330556614945], [48, 0.0339845984216469], [49, 0.034465310613585945], [50, 0.03243875143265662]], "losses_centralized": [[0, 0.28841475160121915], [1, 0.04400585972242989], [2, 0.04050536916727433], [3, 0.03870701703769155], [4, 0.03816864534481428], [5, 0.03871192212670576], [6, 0.03856517747265752], [7, 0.0379032267497736], [8, 0.0650132373807719], [9, 0.03778495270007989], [10, 0.037939807722449766], [11, 0.0382825664515607], [12, 0.037572110970621], [13, 0.03744354215417989], [14, 0.038027522683748975], [15, 0.03661404089429998], [16, 0.036782903491333126], [17, 0.03626631078690989], [18, 0.03560261687944876], [19, 0.03619841181492666], [20, 0.035905845248652625], [21, 0.0364138348888373], [22, 0.036084780110360586], [23, 0.03594018385988893], [24, 0.036201125087228135], [25, 0.03663672256765421], [26, 0.03929021202984732], [27, 0.039172387803485614], [28, 0.03739292854000814], [29, 0.03822653932541143], [30, 0.03975468335188925], [31, 0.038346999960625544], [32, 0.03775097066486487], [33, 0.03685119819332613], [34, 0.036704785701620855], [35, 0.03645446358036716], [36, 0.0364538091869792], [37, 0.038348550226655786], [38, 0.037557774238311685], [39, 0.03724521857815562], [40, 0.03668466397738084], [41, 0.03580632147965953], [42, 0.03759370156418299], [43, 0.03513499869432999], [44, 0.03681963752073934], [45, 0.03892768106113072], [46, 0.03601623934455565], [47, 0.03618070603613742], [48, 0.03629908857010305], [49, 0.03611710821806919], [50, 0.03491808448210359]], "metrics_distributed_fit": {"train_loss": [[1, 0.10341011205375363], [2, 0.08079637091950521], [3, 0.07538694631286556], [4, 0.07188921316957517], [5, 0.06983460081706533], [6, 0.06808677415512827], [7, 0.0670523167092462], [8, 0.06652702835046714], [9, 0.06520186907894834], [10, 0.06488103178364403], [11, 0.0645073532706882], [12, 0.06392138152748995], [13, 0.06355225931853474], [14, 0.06313807519981286], [15, 0.0629022203910793], [16, 0.0626507540354468], [17, 0.06224063716158061], [18, 0.06231502325310546], [19, 0.061791953764214966], [20, 0.06179674716406696], [21, 0.06139114979199524], [22, 0.06131674444311331], [23, 0.061375924048200955], [24, 0.061081909400397226], [25, 0.06102153708475628], [26, 0.06078490487810225], [27, 0.06084017757865196], [28, 0.0605854563918402], [29, 0.060757028136348], [30, 0.06054934915290142], [31, 0.060359817060036215], [32, 0.06060889532211256], [33, 0.06067165234887306], [34, 0.06014617516886963], [35, 0.0599022845537821], [36, 0.0602114873040652], [37, 0.060270420786752495], [38, 0.06011065770600415], [39, 0.060152914430298667], [40, 0.06023626328919419], [41, 0.060113381081467625], [42, 0.06020269600317333], [43, 0.06018714257991332], [44, 0.06019848217580191], [45, 0.059670968162798585], [46, 0.0602071380993071], [47, 0.0600916606832264], [48, 0.059867448308214485], [49, 0.06022583019690072], [50, 0.05994794117563096]], "train_accuracy": [[1, 0.8508333333333333], [2, 0.881425925925926], [3, 0.8886111111111111], [4, 0.8944814814814814], [5, 0.8982222222222223], [6, 0.9008333333333334], [7, 0.9024444444444445], [8, 0.9024629629629629], [9, 0.9053148148148148], [10, 0.9055740740740741], [11, 0.9065925925925926], [12, 0.9073148148148148], [13, 0.9072407407407408], [14, 0.9078148148148149], [15, 0.9084074074074074], [16, 0.9097222222222222], [17, 0.9101481481481482], [18, 0.9095740740740741], [19, 0.9083333333333333], [20, 0.9098888888888889], [21, 0.9109259259259259], [22, 0.9100370370370371], [23, 0.9095555555555556], [24, 0.9103148148148148], [25, 0.9099259259259259], [26, 0.910425925925926], [27, 0.9117222222222222], [28, 0.9120185185185186], [29, 0.9114814814814814], [30, 0.9110555555555555], [31, 0.9115925925925926], [32, 0.9109259259259259], [33, 0.9113333333333333], [34, 0.9115740740740741], [35, 0.9115185185185185], [36, 0.9125], [37, 0.9123703703703704], [38, 0.9124629629629629], [39, 0.9125], [40, 0.9127222222222222], [41, 0.9132222222222223], [42, 0.9118888888888889], [43, 0.9124074074074074], [44, 0.9123333333333333], [45, 0.913425925925926], [46, 0.9132777777777777], [47, 0.9136851851851852], [48, 0.9138148148148149], [49, 0.9125185185185185], [50, 0.9129444444444444]]}, "metrics_distributed": {"test_accuracy": [[1, 0.8761666666666666], [2, 0.8891666666666667], [3, 0.8951666666666667], [4, 0.8976666666666666], [5, 0.8966666666666666], [6, 0.897], [7, 0.8998333333333334], [8, 0.843], [9, 0.9011666666666667], [10, 0.899], [11, 0.895], [12, 0.8971666666666667], [13, 0.8956666666666667], [14, 0.8985], [15, 0.8988333333333334], [16, 0.8988333333333334], [17, 0.8998333333333334], [18, 0.9038333333333334], [19, 0.901], [20, 0.9008333333333334], [21, 0.9023333333333333], [22, 0.9048333333333334], [23, 0.904], [24, 0.8998333333333334], [25, 0.9045], [26, 0.8963333333333333], [27, 0.897], [28, 0.8985], [29, 0.9021666666666667], [30, 0.8946666666666667], [31, 0.9003333333333333], [32, 0.899], [33, 0.9046666666666666], [34, 0.901], [35, 0.9025], [36, 0.9035], [37, 0.8978333333333334], [38, 0.896], [39, 0.8996666666666666], [40, 0.8996666666666666], [41, 0.9018333333333334], [42, 0.894], [43, 0.9035], [44, 0.901], [45, 0.8941666666666667], [46, 0.9031666666666667], [47, 0.9038333333333334], [48, 0.8966666666666666], [49, 0.9], [50, 0.9051666666666667]]}, "metrics_centralized": {"test_accuracy": [[0, 0.0637], [1, 0.8709], [2, 0.882], [3, 0.89], [4, 0.8916], [5, 0.8899], [6, 0.8894], [7, 0.8908], [8, 0.8359], [9, 0.8927], [10, 0.8916], [11, 0.8948], [12, 0.8936], [13, 0.8921], [14, 0.8925], [15, 0.8956], [16, 0.8958], [17, 0.8965], [18, 0.9001], [19, 0.897], [20, 0.8972], [21, 0.8971], [22, 0.8974], [23, 0.8988], [24, 0.8982], [25, 0.8971], [26, 0.8882], [27, 0.8894], [28, 0.8952], [29, 0.8906], [30, 0.8886], [31, 0.8923], [32, 0.894], [33, 0.8974], [34, 0.8958], [35, 0.8954], [36, 0.8945], [37, 0.8906], [38, 0.8946], [39, 0.8942], [40, 0.8984], [41, 0.8959], [42, 0.8904], [43, 0.8976], [44, 0.8947], [45, 0.8912], [46, 0.8967], [47, 0.8999], [48, 0.8943], [49, 0.8963], [50, 0.9005]]}, "use_wandb": false}