{"losses_distributed": [[1, 0.3048344394231798], [2, 0.2886046174219099], [3, 0.27317189460232755], [4, 0.2589302479258613], [5, 0.2372156074781458]], "losses_centralized": [[0, 0.28786823773384096], [1, 0.28133827655315397], [2, 0.27190637636184695], [3, 0.2583155333042145], [4, 0.24181022297143936], [5, 0.2234063930273056]], "metrics_distributed_fit": {"train_loss": [[1, 0.5122969364077483], [2, 0.4970438720006743], [3, 0.47366432186727975], [4, 0.45813719885911325], [5, 0.4028815537451039]], "train_accuracy": [[1, 0.3149036201222379], [2, 0.3713736615722522], [3, 0.4435604642456009], [4, 0.48495262864573657], [5, 0.5839436103991212]]}, "metrics_distributed": {"test_accuracy": [[1, 0.2020460358056266], [2, 0.24491525423728813], [3, 0.5100671140939598], [4, 0.6312659303313509], [5, 0.5594936708860759]]}, "metrics_centralized": {"test_accuracy": [[0, 0.1035], [1, 0.2449], [2, 0.245], [3, 0.4893], [4, 0.6021], [5, 0.5401]]}, "use_wandb": false}