{"losses_distributed": [[1, 0.3048932802879204], [2, 0.29701785475520764], [3, 0.2853005394086999], [4, 0.268104411181757], [5, 0.2487828296119884], [6, 0.2288391403222488], [7, 0.20965241658485542], [8, 0.19489305322453127], [9, 0.17882268974336527], [10, 0.16688950854842946], [11, 0.15743598266173217], [12, 0.14623485677323098], [13, 0.14223053904913238], [14, 0.13435134412878652], [15, 0.13183762989306855], [16, 0.12296390202590975], [17, 0.1230586318393885], [18, 0.11794292030193038], [19, 0.11316176445807441], [20, 0.11071206038281069], [21, 0.1069684316293668], [22, 0.10842858113474765], [23, 0.10662496251575017], [24, 0.1036027221230127], [25, 0.0998195138144291], [26, 0.10045541613283804], [27, 0.09518080959885808], [28, 0.09776996149981426], [29, 0.09363535318713066], [30, 0.09026868770183143], [31, 0.08924742774816893], [32, 0.08919707391474206], [33, 0.09157311824166169], [34, 0.09100853892327365], [35, 0.08424236187237805], [36, 0.08814529416040849], [37, 0.08849369455444611], [38, 0.08312324366327059], [39, 0.08456151015677695], [40, 0.08455311765862723], [41, 0.0878133795208345], [42, 0.08179804940029221], [43, 0.08114647408789498], [44, 0.07981046526613882], [45, 0.0830494097891753], [46, 0.0811036397087372], [47, 0.08268826259773666], [48, 0.08098298487395553], [49, 0.0819098248951516], [50, 0.08252408975514315]], "losses_centralized": [[0, 0.28787099821567536], [1, 0.2810617275476456], [2, 0.27295037701129915], [3, 0.2618075604915619], [4, 0.24724911085367202], [5, 0.2298999525308609], [6, 0.21128344777822494], [7, 0.1934967146396637], [8, 0.17795675065517425], [9, 0.16509866691827774], [10, 0.15418522983789443], [11, 0.14496968363523483], [12, 0.13727061035633087], [13, 0.13061681317687035], [14, 0.12491981088519097], [15, 0.12001374112665653], [16, 0.11588631584942341], [17, 0.112096288138628], [18, 0.10871702019870282], [19, 0.10583975818157196], [20, 0.10322934571802617], [21, 0.1009171394020319], [22, 0.09873461286723614], [23, 0.09682490238845348], [24, 0.09506893122047186], [25, 0.0934837434053421], [26, 0.09198684809803963], [27, 0.09059309901446104], [28, 0.08937653526365757], [29, 0.08820830986201764], [30, 0.08716567196547985], [31, 0.08608720073401928], [32, 0.08516415593028069], [33, 0.08423771277964115], [34, 0.08339708681702614], [35, 0.08255138732641935], [36, 0.08180766835659742], [37, 0.08107717030718922], [38, 0.0804648964613676], [39, 0.07979103089645505], [40, 0.07910282345637679], [41, 0.07841116685643792], [42, 0.07783157606571912], [43, 0.0773272296257317], [44, 0.07671620084866881], [45, 0.07611782783120871], [46, 0.07558722759708762], [47, 0.07512439275830984], [48, 0.07462818617224694], [49, 0.07418574230074883], [50, 0.07377450394183398]], "metrics_distributed_fit": {"train_loss": [[1, 0.5711260953293743], [2, 0.5559976790155937], [3, 0.536969376742712], [4, 0.5117111726893558], [5, 0.4793390958500442], [6, 0.442301691590783], [7, 0.4058573423420147], [8, 0.37157022242580773], [9, 0.3442794767565207], [10, 0.3193234249008315], [11, 0.30032301923884447], [12, 0.28190181769407696], [13, 0.26827821731734236], [14, 0.2558928665224379], [15, 0.24484643022130395], [16, 0.23441743523341388], [17, 0.22757946976561796], [18, 0.21912912793080738], [19, 0.21508032339136512], [20, 0.20786307113124033], [21, 0.2020312520140198], [22, 0.1968397963969282], [23, 0.1953926699053021], [24, 0.19309254305064957], [25, 0.18621771268244774], [26, 0.18062577368237154], [27, 0.18007065099457756], [28, 0.1786825730903029], [29, 0.17546280675926074], [30, 0.17439453699106888], [31, 0.17151758841209636], [32, 0.16952528918812063], [33, 0.16757797523332083], [34, 0.1659111133482279], [35, 0.16251247816490388], [36, 0.16238532465411987], [37, 0.1599516503829528], [38, 0.16228720197894153], [39, 0.15472511527951233], [40, 0.15938360307982716], [41, 0.15633102949529284], [42, 0.15483110530097208], [43, 0.15273595860113634], [44, 0.15137089208668222], [45, 0.15032711110184674], [46, 0.14985598328138697], [47, 0.14993525009068137], [48, 0.14795398358215653], [49, 0.14508019038495593], [50, 0.14488284961450876]], "train_accuracy": [[1, 0.17897780264875957], [2, 0.3414179104477612], [3, 0.47522627601007744], [4, 0.5296092511424042], [5, 0.5859141791044776], [6, 0.6146883165360209], [7, 0.6370252869273118], [8, 0.657433314680097], [9, 0.6639283047050037], [10, 0.6760891874242], [11, 0.6907293415407573], [12, 0.699169543715592], [13, 0.7154054306242419], [14, 0.7169107359388117], [15, 0.7165640738668159], [16, 0.7286047596826878], [17, 0.7211341167692594], [18, 0.7303601418175033], [19, 0.7308589014268395], [20, 0.7341665889375991], [21, 0.7417910447761195], [22, 0.7503264316358889], [23, 0.7423719324437809], [24, 0.7431423773091995], [25, 0.7554601456038827], [26, 0.7566937214292379], [27, 0.761354098666418], [28, 0.7565322881672266], [29, 0.7603991792576011], [30, 0.7591193208321672], [31, 0.7637839350685698], [32, 0.7678887955966042], [33, 0.7669558727493236], [34, 0.7652880216599758], [35, 0.7725958399403041], [36, 0.7703786606976311], [37, 0.773444060837921], [38, 0.765051806216746], [39, 0.7803899617501633], [40, 0.7733631785114717], [41, 0.7743139817061788], [42, 0.7798096659824594], [43, 0.7831561275881366], [44, 0.7820692228752683], [45, 0.7874522233616109], [46, 0.783468607146189], [47, 0.7803899617501633], [48, 0.7855010263108789], [49, 0.7929683857129535], [50, 0.7912118667786174]]}, "metrics_distributed": {"test_accuracy": [[1, 0.37542372881355934], [2, 0.5983050847457627], [3, 0.5864406779661017], [4, 0.6364406779661017], [5, 0.638135593220339], [6, 0.6305084745762712], [7, 0.6559322033898305], [8, 0.6677966101694915], [9, 0.6898305084745763], [10, 0.7033898305084746], [11, 0.7169491525423729], [12, 0.7245762711864406], [13, 0.7127118644067797], [14, 0.738135593220339], [15, 0.7016949152542373], [16, 0.7338983050847457], [17, 0.7177966101694915], [18, 0.7237288135593221], [19, 0.7516949152542373], [20, 0.752542372881356], [21, 0.7406779661016949], [22, 0.7389830508474576], [23, 0.7508474576271187], [24, 0.7533898305084745], [25, 0.7516949152542373], [26, 0.7406779661016949], [27, 0.7686440677966102], [28, 0.7440677966101695], [29, 0.7593220338983051], [30, 0.7745762711864407], [31, 0.7779661016949152], [32, 0.7652542372881356], [33, 0.752542372881356], [34, 0.7627118644067796], [35, 0.7677966101694915], [36, 0.7686440677966102], [37, 0.773728813559322], [38, 0.7830508474576271], [39, 0.7805084745762711], [40, 0.7889830508474577], [41, 0.7652542372881356], [42, 0.7754237288135594], [43, 0.785593220338983], [44, 0.7762711864406779], [45, 0.7627118644067796], [46, 0.7788135593220339], [47, 0.7779661016949152], [48, 0.7788135593220339], [49, 0.7872881355932203], [50, 0.788135593220339]]}, "metrics_centralized": {"test_accuracy": [[0, 0.15], [1, 0.383], [2, 0.5787], [3, 0.6149], [4, 0.637], [5, 0.6439], [6, 0.641], [7, 0.6611], [8, 0.6727], [9, 0.6798], [10, 0.6924], [11, 0.7018], [12, 0.7086], [13, 0.7171], [14, 0.722], [15, 0.7251], [16, 0.7281], [17, 0.7277], [18, 0.7346], [19, 0.7344], [20, 0.7378], [21, 0.7386], [22, 0.7415], [23, 0.7466], [24, 0.7491], [25, 0.7502], [26, 0.7513], [27, 0.7527], [28, 0.7549], [29, 0.7572], [30, 0.7581], [31, 0.76], [32, 0.7625], [33, 0.7643], [34, 0.7661], [35, 0.7664], [36, 0.7664], [37, 0.7685], [38, 0.7698], [39, 0.7706], [40, 0.7745], [41, 0.7765], [42, 0.776], [43, 0.777], [44, 0.779], [45, 0.7792], [46, 0.7812], [47, 0.7831], [48, 0.7837], [49, 0.7846], [50, 0.7858]]}, "use_wandb": false}