{"losses_distributed": [[1, 0.12511776329602226], [2, 0.09408474106152179], [3, 0.0869550967873153], [4, 0.06832658627338833], [5, 0.06604920931918136], [6, 0.06791941928282633], [7, 0.06271712575107813], [8, 0.056242604034368766], [9, 0.06014200297689413], [10, 0.05229416812880565], [11, 0.05566502679218301], [12, 0.04974008091504417], [13, 0.05122100324922446], [14, 0.050097734432951624], [15, 0.04808015897870064], [16, 0.04585177683571385], [17, 0.05119888485346179], [18, 0.04500229962256942], [19, 0.04256987068881044], [20, 0.04681526181363043], [21, 0.04674164764977739], [22, 0.045383843102776524], [23, 0.046981689087667707], [24, 0.04721522864064802], [25, 0.041071830626174616], [26, 0.0502662325676499], [27, 0.04444518451642056], [28, 0.041337148695828996], [29, 0.043069873782174695], [30, 0.041336928713293274], [31, 0.040176124594537385], [32, 0.040208002690164675], [33, 0.04083220921624531], [34, 0.04097732321588102], [35, 0.0411776920132856], [36, 0.03586529843722296], [37, 0.03645918604649477], [38, 0.04030589782514499], [39, 0.034570158468717235], [40, 0.03765377441317068], [41, 0.03882027856751061], [42, 0.03782884609329088], [43, 0.03741941762352125], [44, 0.037595617336515036], [45, 0.03970696336206964], [46, 0.041891507278551676], [47, 0.03553099095045936], [48, 0.03776004647567742], [49, 0.03588815884244376], [50, 0.042989743591909754]], "losses_centralized": [[0, 0.28766998202800753], [1, 0.11695920490324498], [2, 0.08464885946586728], [3, 0.07645160513557493], [4, 0.06977378769312054], [5, 0.06518589982688427], [6, 0.062337915382627396], [7, 0.059758708064816896], [8, 0.05600493474602699], [9, 0.05451104284087196], [10, 0.053379149378929285], [11, 0.05101204157336615], [12, 0.050654497966449705], [13, 0.04931803290070966], [14, 0.048047449989803134], [15, 0.04679036167194135], [16, 0.04635427898289636], [17, 0.045137115789437667], [18, 0.04462754200578201], [19, 0.04383802933278494], [20, 0.043416848009638485], [21, 0.042886549688014204], [22, 0.04271503507278394], [23, 0.04209327921550721], [24, 0.04148441076485906], [25, 0.04131426668893546], [26, 0.04100809843344614], [27, 0.040635714840632865], [28, 0.040493082765163856], [29, 0.039720886087743566], [30, 0.03928355549559928], [31, 0.03895406256557908], [32, 0.0387326899072621], [33, 0.03849146583031397], [34, 0.03824392673545517], [35, 0.03825563870932674], [36, 0.0378481514286832], [37, 0.03751902426254237], [38, 0.03724415616943734], [39, 0.037103575511090454], [40, 0.036837887425604274], [41, 0.0367327795968391], [42, 0.036753518260410054], [43, 0.036464286671753506], [44, 0.03643322943148669], [45, 0.03605675415323931], [46, 0.03558388323704712], [47, 0.036011262352362974], [48, 0.03569543129639351], [49, 0.03539737603614922], [50, 0.03537437565618893]], "metrics_distributed_fit": {"train_loss": [[1, 0.393226840394165], [2, 0.2329724487082324], [3, 0.19314548209673868], [4, 0.17340890536289896], [5, 0.15959110167792975], [6, 0.14981135797607573], [7, 0.14490351021032186], [8, 0.13312662968613137], [9, 0.13012822758127654], [10, 0.12639693587888948], [11, 0.12207071061039378], [12, 0.11984410559717602], [13, 0.11383290623374076], [14, 0.1122611572308935], [15, 0.10844811929146982], [16, 0.10758158881124111], [17, 0.10344647645390871], [18, 0.10220341844626446], [19, 0.100200538467562], [20, 0.09664760404058231], [21, 0.09522436703092325], [22, 0.09191073829110613], [23, 0.09604079844619433], [24, 0.09511966834426001], [25, 0.09283493999862578], [26, 0.08940948524444904], [27, 0.08329842154804422], [28, 0.08892315278360484], [29, 0.08620280694474948], [30, 0.08504299775569528], [31, 0.08526746860154956], [32, 0.08249749489835738], [33, 0.08254081625356338], [34, 0.0827538173174116], [35, 0.07903865389409391], [36, 0.08263288183503818], [37, 0.08007340316269762], [38, 0.0797610782295991], [39, 0.07523574912787365], [40, 0.07818149014437935], [41, 0.0762596783516264], [42, 0.07524859266625075], [43, 0.07539922356317426], [44, 0.07371035159969841], [45, 0.07015953491733788], [46, 0.07483361035635695], [47, 0.07524786048365727], [48, 0.06938845920706538], [49, 0.06957200262767387], [50, 0.0703139654934016]], "train_accuracy": [[1, 0.42370826338369705], [2, 0.648320895522388], [3, 0.7047681254082299], [4, 0.7338431409120582], [5, 0.7527985074626866], [6, 0.772863008585293], [7, 0.7808155267332276], [8, 0.804327550830069], [9, 0.8092793129200896], [10, 0.8143483533911745], [11, 0.825592240253684], [12, 0.8229915088177662], [13, 0.8310161425772138], [14, 0.8357429344277586], [15, 0.8434060809550457], [16, 0.8448903406439571], [17, 0.8501212460361873], [18, 0.8506251166262362], [19, 0.8533992352886319], [20, 0.856356683145229], [21, 0.8618470149253732], [22, 0.864204439470248], [23, 0.8589157413455258], [24, 0.8592088076133607], [25, 0.8620496546574575], [26, 0.8711633547905588], [27, 0.8777394385899469], [28, 0.8686076894363568], [29, 0.8714792016414848], [30, 0.8760145535964176], [31, 0.8716298162141991], [32, 0.8778803992909786], [33, 0.876760891874242], [34, 0.8752684156474653], [35, 0.8831265740136182], [36, 0.8743704532736429], [37, 0.881869926285341], [38, 0.8816391300289368], [39, 0.8877693814721522], [40, 0.8861219921656407], [41, 0.8898637296994587], [42, 0.8858928904646389], [43, 0.8860287259839582], [44, 0.887302920048512], [45, 0.8936328889717535], [46, 0.892713872562739], [47, 0.8887023043194328], [48, 0.8983952229893637], [49, 0.8959246479529982], [50, 0.8976583636533259]]}, "metrics_distributed": {"test_accuracy": [[1, 0.7110169491525423], [2, 0.7347457627118644], [3, 0.7677966101694915], [4, 0.8254237288135593], [5, 0.8101694915254237], [6, 0.8135593220338984], [7, 0.8330508474576271], [8, 0.8542372881355932], [9, 0.8355932203389831], [10, 0.8677966101694915], [11, 0.8398305084745763], [12, 0.8635593220338983], [13, 0.8601694915254238], [14, 0.8737288135593221], [15, 0.8584745762711864], [16, 0.8745762711864407], [17, 0.8559322033898306], [18, 0.8771186440677966], [19, 0.8847457627118644], [20, 0.8822033898305085], [21, 0.8745762711864407], [22, 0.8838983050847458], [23, 0.8762711864406779], [24, 0.8754237288135593], [25, 0.8830508474576271], [26, 0.8711864406779661], [27, 0.8771186440677966], [28, 0.8940677966101694], [29, 0.8771186440677966], [30, 0.8889830508474577], [31, 0.8923728813559322], [32, 0.9008474576271186], [33, 0.8940677966101694], [34, 0.8974576271186441], [35, 0.8872881355932203], [36, 0.9110169491525424], [37, 0.9016949152542373], [38, 0.8949152542372881], [39, 0.9033898305084745], [40, 0.9008474576271186], [41, 0.8940677966101694], [42, 0.8966101694915254], [43, 0.9016949152542373], [44, 0.8889830508474577], [45, 0.8898305084745762], [46, 0.8788135593220339], [47, 0.9016949152542373], [48, 0.8889830508474577], [49, 0.9033898305084745], [50, 0.8915254237288136]]}, "metrics_centralized": {"test_accuracy": [[0, 0.1152], [1, 0.7202], [2, 0.7363], [3, 0.7678], [4, 0.7888], [5, 0.7977], [6, 0.8078], [7, 0.8236], [8, 0.8352], [9, 0.8397], [10, 0.8469], [11, 0.8521], [12, 0.8546], [13, 0.8602], [14, 0.8621], [15, 0.8657], [16, 0.866], [17, 0.87], [18, 0.8716], [19, 0.8733], [20, 0.8747], [21, 0.8749], [22, 0.8773], [23, 0.8775], [24, 0.8799], [25, 0.8817], [26, 0.8826], [27, 0.8824], [28, 0.8813], [29, 0.8851], [30, 0.8855], [31, 0.8877], [32, 0.887], [33, 0.8885], [34, 0.8892], [35, 0.89], [36, 0.8912], [37, 0.8921], [38, 0.8927], [39, 0.8938], [40, 0.8932], [41, 0.8928], [42, 0.8942], [43, 0.8922], [44, 0.8937], [45, 0.8934], [46, 0.8963], [47, 0.8968], [48, 0.8971], [49, 0.8981], [50, 0.8977]]}, "use_wandb": false}