{"losses_distributed": [[1, 0.3049239553352349], [2, 0.29122242826526445], [3, 0.2775767048533331], [4, 0.26510278410899407], [5, 0.24434102909474434], [6, 0.22491094480126592], [7, 0.20815284491582894], [8, 0.1880890593298606], [9, 0.17256388621958527], [10, 0.16485374968606467], [11, 0.15925158054317892], [12, 0.14937824147117026], [13, 0.13112846324695218], [14, 0.13435995306920362], [15, 0.1284138157072445], [16, 0.13166591859090615], [17, 0.12378563008613602], [18, 0.1213077947111993], [19, 0.11880573909023577], [20, 0.11113728608287642], [21, 0.11133356362531499], [22, 0.10403627009731944], [23, 0.10987502484501724], [24, 0.10505112274801089], [25, 0.1022964718297807], [26, 0.10244979608838337], [27, 0.09751475495222496], [28, 0.09440720500658505], [29, 0.09742800272195726], [30, 0.09616319780792972], [31, 0.09149478640225368], [32, 0.09328294278959097], [33, 0.09628867423636474], [34, 0.09375619613060288], [35, 0.09284838897112127], [36, 0.08537646931634374], [37, 0.08992360554813222], [38, 0.0885556522584465], [39, 0.08892323176023915], [40, 0.08635265246227433], [41, 0.08755627291474938], [42, 0.08775122034559722], [43, 0.08474369025765643], [44, 0.07683257392610016], [45, 0.08253413637966316], [46, 0.07717618908178299], [47, 0.0814401587966817], [48, 0.07939851380089538], [49, 0.07587763486046795], [50, 0.0822475472100148]], "losses_centralized": [[0, 0.2874473967552185], [1, 0.28187471199035646], [2, 0.27403666563034057], [3, 0.2624685411214828], [4, 0.2478065099954605], [5, 0.22972538324594496], [6, 0.2102985342860222], [7, 0.19291270233392716], [8, 0.17844906208515168], [9, 0.16645545048713684], [10, 0.15658833776712416], [11, 0.14809663272500037], [12, 0.14155796273350715], [13, 0.13535968651175498], [14, 0.1308586436033249], [15, 0.12573350868821145], [16, 0.1212034250408411], [17, 0.11804888230264186], [18, 0.11446964122653007], [19, 0.11228014658987522], [20, 0.10976542641818524], [21, 0.10677404773235322], [22, 0.10523336142301559], [23, 0.10281570433080196], [24, 0.10164080206155778], [25, 0.09954441711306572], [26, 0.09793571591675282], [27, 0.09603469553440809], [28, 0.09470197670757771], [29, 0.0934291528955102], [30, 0.09344064936488866], [31, 0.09185684709697962], [32, 0.09103423888832331], [33, 0.0894427053257823], [34, 0.08841571352481842], [35, 0.08770321944952011], [36, 0.08685235291570426], [37, 0.08643810103535653], [38, 0.08575929655134677], [39, 0.08493028360009193], [40, 0.0840256180882454], [41, 0.08379736616387963], [42, 0.08362546523511409], [43, 0.08295074536800384], [44, 0.083257254909724], [45, 0.08111662008836866], [46, 0.08063152567520737], [47, 0.07984868910461664], [48, 0.07965468934625387], [49, 0.07891437579467893], [50, 0.07908970036357642]], "metrics_distributed_fit": {"train_loss": [[1, 0.5155986633220075], [2, 0.5011207437246883], [3, 0.4814898062292354], [4, 0.46834767397929805], [5, 0.41644813371900674], [6, 0.3793601397516556], [7, 0.34158325147298585], [8, 0.3111285869678562], [9, 0.30235388685082665], [10, 0.2642147611719662], [11, 0.2548743564917272], [12, 0.23718205641246182], [13, 0.23919200349204], [14, 0.2267962427704692], [15, 0.22038436062638764], [16, 0.2125002057480581], [17, 0.1949139320189655], [18, 0.194759582842874], [19, 0.18357694807266392], [20, 0.1815388415685729], [21, 0.18758055077344568], [22, 0.1776417011501692], [23, 0.17718150527712026], [24, 0.1725386869447986], [25, 0.16901700993661734], [26, 0.16314438863012992], [27, 0.1650221950049603], [28, 0.1611672895031802], [29, 0.1542629909583752], [30, 0.14888233949506066], [31, 0.156707848710604], [32, 0.1538298809223365], [33, 0.15437320210783637], [34, 0.15060500588205125], [35, 0.14313749865905095], [36, 0.1380185541607313], [37, 0.14290065252774375], [38, 0.14802980236301896], [39, 0.14344461841984824], [40, 0.13840378903422998], [41, 0.13264174356248667], [42, 0.14407027369097528], [43, 0.14604506475530038], [44, 0.13886433656342317], [45, 0.12327632210753368], [46, 0.12951967304838202], [47, 0.13093866296630421], [48, 0.12028837741635541], [49, 0.13377073242724039], [50, 0.13145039674777698]], "train_accuracy": [[1, 0.3131170662905501], [2, 0.36460144595954974], [3, 0.42512167727442907], [4, 0.46999814229983283], [5, 0.5600512632735262], [6, 0.6041763341067286], [7, 0.6649707932918787], [8, 0.6927861851267292], [9, 0.6862249672468651], [10, 0.7389712783930918], [11, 0.7475746444381652], [12, 0.7410763824671722], [13, 0.7499307671005262], [14, 0.7441945846718678], [15, 0.7503888736389422], [16, 0.7596863468634686], [17, 0.7843174125611132], [18, 0.7786431453504739], [19, 0.7946210268948656], [20, 0.7824827070480463], [21, 0.7840866641763168], [22, 0.7880899293942772], [23, 0.7853001683186833], [24, 0.7859507171754322], [25, 0.7930742448480286], [26, 0.8079144182523904], [27, 0.7931807566557684], [28, 0.7924192793635938], [29, 0.8089058999253174], [30, 0.8171606569756465], [31, 0.7972562379154774], [32, 0.7968662562954673], [33, 0.7942405945192754], [34, 0.8042362601474293], [35, 0.8153702841173731], [36, 0.8267672007540057], [37, 0.8171209858103062], [38, 0.7978416596892735], [39, 0.8091909023117076], [40, 0.8140139211136891], [41, 0.8275894627513927], [42, 0.7983535288132457], [43, 0.7966023451204874], [44, 0.8088662790697675], [45, 0.8406598645942596], [46, 0.8303334596438045], [47, 0.8236448598130841], [48, 0.8431242289076587], [49, 0.8179591067558655], [50, 0.8191648023862789]]}, "metrics_distributed": {"test_accuracy": [[1, 0.216538789428815], [2, 0.21440677966101696], [3, 0.5260067114093959], [4, 0.6389124893797791], [5, 0.5780590717299579], [6, 0.5838983050847457], [7, 0.5322175732217573], [8, 0.6342082980524979], [9, 0.6773648648648649], [10, 0.6723259762308998], [11, 0.6502963590177815], [12, 0.6900931414055885], [13, 0.7476231633535004], [14, 0.7128378378378378], [15, 0.7329401853411963], [16, 0.7005789909015715], [17, 0.7285223367697594], [18, 0.7198275862068966], [19, 0.7219882055602359], [20, 0.7465870307167235], [21, 0.7270450751252087], [22, 0.7523564695801199], [23, 0.7402376910016978], [24, 0.7385892116182573], [25, 0.7427843803056027], [26, 0.7317686504610227], [27, 0.7602739726027398], [28, 0.7462311557788944], [29, 0.754222972972973], [30, 0.7631578947368421], [31, 0.766923736075407], [32, 0.7516949152542373], [33, 0.7343358395989975], [34, 0.7527333894028595], [35, 0.7763819095477387], [36, 0.7868150684931506], [37, 0.7597955706984668], [38, 0.7724957555178268], [39, 0.7453310696095077], [40, 0.7659395973154363], [41, 0.7537942664418212], [42, 0.7657430730478589], [43, 0.7774030354131535], [44, 0.8061485909479078], [45, 0.7721202003338898], [46, 0.8017021276595745], [47, 0.7861952861952862], [48, 0.7916666666666666], [49, 0.785774767146486], [50, 0.7788057190916736]]}, "metrics_centralized": {"test_accuracy": [[0, 0.1011], [1, 0.2492], [2, 0.2185], [3, 0.5113], [4, 0.6065], [5, 0.5622], [6, 0.5882], [7, 0.544], [8, 0.5927], [9, 0.6522], [10, 0.6715], [11, 0.6796], [12, 0.677], [13, 0.7015], [14, 0.6882], [15, 0.7195], [16, 0.7213], [17, 0.7115], [18, 0.7306], [19, 0.7275], [20, 0.7173], [21, 0.733], [22, 0.7243], [23, 0.7409], [24, 0.7395], [25, 0.7372], [26, 0.7448], [27, 0.7451], [28, 0.7412], [29, 0.7486], [30, 0.7472], [31, 0.7423], [32, 0.7409], [33, 0.7475], [34, 0.7586], [35, 0.7549], [36, 0.7548], [37, 0.7596], [38, 0.7639], [39, 0.7616], [40, 0.762], [41, 0.7603], [42, 0.7592], [43, 0.7639], [44, 0.7558], [45, 0.7695], [46, 0.7693], [47, 0.7707], [48, 0.7704], [49, 0.7754], [50, 0.7788]]}, "use_wandb": false}