{"losses_distributed": [[1, 0.22252552517438076], [2, 0.12338578940953239], [3, 0.11012955408874624], [4, 0.09601585015641903], [5, 0.08881625653507841]], "losses_centralized": [[0, 0.28815141007900236], [1, 0.20072531418800355], [2, 0.12139464886188507], [3, 0.10294909218549729], [4, 0.0937011503919959], [5, 0.08818341511785983]], "metrics_distributed_fit": {"train_loss": [[1, 0.40195709488231585], [2, 0.26356521019170187], [3, 0.1987469300922517], [4, 0.18707977379851295], [5, 0.16203998397472744]], "train_accuracy": [[1, 0.47437705688763515], [2, 0.624233549922211], [3, 0.7104080868588544], [4, 0.7238528701467584], [5, 0.7620834859025998]]}, "metrics_distributed": {"test_accuracy": [[1, 0.4722932651321398], [2, 0.6796610169491526], [3, 0.6921140939597316], [4, 0.7451146983857264], [5, 0.750210970464135]]}, "metrics_centralized": {"test_accuracy": [[0, 0.1364], [1, 0.5033], [2, 0.6748], [3, 0.7028], [4, 0.7283], [5, 0.7378]]}, "use_wandb": false}