{"losses_distributed": [[1, 0.2125337376923817], [2, 0.12211338022755364], [3, 0.11039773290414338], [4, 0.09575012667435352], [5, 0.08757663839084061], [6, 0.08848865208358078], [7, 0.0846239829506086], [8, 0.07643140532560552], [9, 0.07893768207892159], [10, 0.07031181158105794], [11, 0.07589627607878424], [12, 0.06744078843941902], [13, 0.05908333895213933], [14, 0.06641625174528894], [15, 0.06281089440790195], [16, 0.07050968613119286], [17, 0.06090225159473557], [18, 0.06040955654905639], [19, 0.06592344478864878], [20, 0.058704365191046694], [21, 0.05980050344624944], [22, 0.052234040819516776], [23, 0.06527597320555427], [24, 0.0589045209586002], [25, 0.054195545774454436], [26, 0.06062622786796294], [27, 0.05290061954731019], [28, 0.051316908013058625], [29, 0.056709099348793375], [30, 0.05646805895641857], [31, 0.04993968840146592], [32, 0.05262767655017265], [33, 0.05556559740940724], [34, 0.05166820761357192], [35, 0.05435583237531973], [36, 0.04550290677524235], [37, 0.05119432183220551], [38, 0.05063732298580631], [39, 0.050799390924715984], [40, 0.04683949545440116], [41, 0.051543404106922375], [42, 0.0515932323955356], [43, 0.04757810185284905], [44, 0.043300276179663116], [45, 0.04669606887244403], [46, 0.04117970404886403], [47, 0.050258117211636304], [48, 0.04762649614748498], [49, 0.040311909042760906], [50, 0.0448206791332496]], "losses_centralized": [[0, 0.2875715900659561], [1, 0.19256808943748474], [2, 0.12092902372181416], [3, 0.1030140558809042], [4, 0.09297802945822477], [5, 0.08719433077126741], [6, 0.08226157026216388], [7, 0.07877446211129427], [8, 0.07592540614418686], [9, 0.07366668296046555], [10, 0.07114546028673649], [11, 0.06926189149785787], [12, 0.06761010355651378], [13, 0.06660514041818678], [14, 0.06553777414467185], [15, 0.06306161101534963], [16, 0.06269058830961585], [17, 0.06155397483035922], [18, 0.059920246328786016], [19, 0.0606000646179542], [20, 0.05927866348456591], [21, 0.05791698238868266], [22, 0.05721870013102889], [23, 0.056674971833080054], [24, 0.05819209598470479], [25, 0.05574240659326315], [26, 0.05492834660662338], [27, 0.05378861467987299], [28, 0.05375873717218638], [29, 0.05313552723610774], [30, 0.05488797809612006], [31, 0.052556614753324536], [32, 0.05222846256094053], [33, 0.051293139550462365], [34, 0.05082596362121403], [35, 0.05068619124460966], [36, 0.05031779029695317], [37, 0.05083689601439983], [38, 0.04996998941702768], [39, 0.04942346006995067], [40, 0.048521826634649184], [41, 0.04889356817314401], [42, 0.04896066751824692], [43, 0.04811209185421467], [44, 0.04826990805249661], [45, 0.04806947568133473], [46, 0.04730001336755231], [47, 0.04698595150411129], [48, 0.04730586652411148], [49, 0.046696356694120915], [50, 0.04746493594357744]], "metrics_distributed_fit": {"train_loss": [[1, 0.3884993056480768], [2, 0.2559184996567859], [3, 0.19776539655837455], [4, 0.18674919446271115], [5, 0.16037188988587103], [6, 0.14904597537033476], [7, 0.13386944597991493], [8, 0.13546037381657733], [9, 0.13520658743803182], [10, 0.11556453715711137], [11, 0.11499204500481687], [12, 0.11800833510896894], [13, 0.1238771208722341], [14, 0.1164042298133615], [15, 0.1196960612846129], [16, 0.11605413902748514], [17, 0.10258217823295453], [18, 0.107089804544739], [19, 0.09906007469394902], [20, 0.09993674658469083], [21, 0.10674863699184022], [22, 0.09828804012001098], [23, 0.10091074548969414], [24, 0.10001068541731423], [25, 0.09843204433560232], [26, 0.09044128166095156], [27, 0.09636647330265471], [28, 0.09350535594747303], [29, 0.08813926584966927], [30, 0.08483507639459986], [31, 0.09327150924664844], [32, 0.09103177468674323], [33, 0.0921373880488638], [34, 0.08927705500255216], [35, 0.08214775463885282], [36, 0.07889705930542505], [37, 0.08605661956998018], [38, 0.08729792383686397], [39, 0.08674053065812798], [40, 0.08132962121596132], [41, 0.07509594868342107], [42, 0.08643079907639031], [43, 0.0870535099586273], [44, 0.08353028200995725], [45, 0.06937136925271502], [46, 0.07461419878863472], [47, 0.07695630164427558], [48, 0.06800688513975137], [49, 0.08130268176688171], [50, 0.07939989892056022]], "train_accuracy": [[1, 0.4923366243535496], [2, 0.6313718312437082], [3, 0.7127480344440285], [4, 0.7253390302805127], [5, 0.7630904430611498], [6, 0.7790255220417633], [7, 0.8041266252119842], [8, 0.7991829913657043], [9, 0.8019839041736851], [10, 0.8333020461798386], [11, 0.8320617876989733], [12, 0.8208803402996117], [13, 0.8200867719006739], [14, 0.8294630564479119], [15, 0.8205691280080519], [16, 0.8273062730627306], [17, 0.8487213238059421], [18, 0.841794125926621], [19, 0.8572503291329697], [20, 0.8539914002617311], [21, 0.84665670526709], [22, 0.8591601635079896], [23, 0.8537497662240509], [24, 0.8580360426627437], [25, 0.8561212007151595], [26, 0.8691659566411057], [27, 0.8570761326482952], [28, 0.8602714085166121], [29, 0.8762135922330098], [30, 0.8838965452142722], [31, 0.8683362489641838], [32, 0.868494683827644], [33, 0.8656758012076172], [34, 0.8747783894746665], [35, 0.8835584536562645], [36, 0.8882186616399623], [37, 0.8773338312173263], [38, 0.8740347939343195], [39, 0.877703206562267], [40, 0.8851044083526682], [41, 0.8950051930884714], [42, 0.876052169087041], [43, 0.8726802695965284], [44, 0.8769077034883721], [45, 0.9028320778106227], [46, 0.8947517999242137], [47, 0.8874766355140187], [48, 0.904621808864003], [49, 0.882125694902478], [50, 0.8873042505592841]]}, "metrics_distributed": {"test_accuracy": [[1, 0.45865302642796246], [2, 0.6940677966101695], [3, 0.6904362416107382], [4, 0.7510620220900595], [5, 0.7637130801687764], [6, 0.7457627118644068], [7, 0.7481171548117155], [8, 0.7739204064352244], [9, 0.7643581081081081], [10, 0.8123938879456706], [11, 0.777307366638442], [12, 0.8044030482641829], [13, 0.8314606741573034], [14, 0.8150337837837838], [15, 0.8180286436394272], [16, 0.80479735318445], [17, 0.8316151202749141], [18, 0.8344827586206897], [19, 0.8112889637742208], [20, 0.8361774744027304], [21, 0.825542570951586], [22, 0.8594687232219366], [23, 0.8208828522920204], [24, 0.837344398340249], [25, 0.8505942275042445], [26, 0.8315171835708298], [27, 0.8672945205479452], [28, 0.8576214405360134], [29, 0.8420608108108109], [30, 0.8446519524617997], [31, 0.8628963153384748], [32, 0.8457627118644068], [33, 0.8421052631578947], [34, 0.864592094196804], [35, 0.8509212730318257], [36, 0.8732876712328768], [37, 0.854344122657581], [38, 0.8633276740237691], [39, 0.8548387096774194], [40, 0.860738255033557], [41, 0.8583473861720068], [42, 0.8455079764903443], [43, 0.8617200674536256], [44, 0.8795900939368061], [45, 0.8656093489148581], [46, 0.8910638297872341], [47, 0.8636363636363636], [48, 0.8673469387755102], [49, 0.8789161727349704], [50, 0.872161480235492]]}, "metrics_centralized": {"test_accuracy": [[0, 0.0803], [1, 0.5013], [2, 0.6797], [3, 0.7007], [4, 0.7339], [5, 0.7392], [6, 0.7463], [7, 0.7548], [8, 0.7642], [9, 0.7732], [10, 0.7909], [11, 0.7941], [12, 0.7996], [13, 0.8018], [14, 0.8025], [15, 0.8172], [16, 0.8145], [17, 0.8215], [18, 0.8243], [19, 0.8216], [20, 0.8305], [21, 0.8294], [22, 0.8363], [23, 0.8336], [24, 0.8236], [25, 0.8366], [26, 0.8354], [27, 0.8439], [28, 0.8435], [29, 0.8462], [30, 0.8362], [31, 0.8478], [32, 0.8482], [33, 0.8503], [34, 0.8535], [35, 0.8497], [36, 0.8524], [37, 0.8503], [38, 0.8556], [39, 0.8552], [40, 0.8589], [41, 0.8602], [42, 0.8575], [43, 0.8595], [44, 0.8603], [45, 0.859], [46, 0.8622], [47, 0.8625], [48, 0.8633], [49, 0.8638], [50, 0.8604]]}, "use_wandb": false}