{"losses_distributed": [[1, 0.17316264483223384], [2, 0.09283651331976309], [3, 0.08441106544068433], [4, 0.07461391939380434], [5, 0.06802424297619902], [6, 0.07136554976962743], [7, 0.068018690596245], [8, 0.06035816879612989], [9, 0.06160160177175901], [10, 0.05528645704860889], [11, 0.05726174956028157], [12, 0.04929443969055446], [13, 0.04424370835133032], [14, 0.04985375207006409], [15, 0.04849272420767753], [16, 0.055343941053201506], [17, 0.044093705947156996], [18, 0.0437029474464037], [19, 0.04884295448652612], [20, 0.04460220662447856], [21, 0.0463036310628769], [22, 0.040232796209848036], [23, 0.04868385387847045], [24, 0.044916829913352226], [25, 0.04126904643126552], [26, 0.04623344113407948], [27, 0.03939781187085055], [28, 0.03930602374469465], [29, 0.042136888925010434], [30, 0.04088608745736262], [31, 0.03634501716444979], [32, 0.03892480303867946], [33, 0.04216226877349195], [34, 0.038907754954322554], [35, 0.04343152937038325], [36, 0.03374014580590047], [37, 0.03966558933604328], [38, 0.03942308261474491], [39, 0.03953233040037232], [40, 0.034925544394501296], [41, 0.04086271021628013], [42, 0.03919321498460208], [43, 0.03614234374620876], [44, 0.032795233959308556], [45, 0.03503226134738534], [46, 0.029456630208903548], [47, 0.03880366659475791], [48, 0.03570841073676626], [49, 0.02997973292453423], [50, 0.033509637255207066]], "losses_centralized": [[0, 0.2869397519350052], [1, 0.1579256398499012], [2, 0.09233171100616455], [3, 0.07902091913409531], [4, 0.07217243728861213], [5, 0.06781036625411362], [6, 0.06463128496352583], [7, 0.060881064355466516], [8, 0.05816027884352952], [9, 0.05665902683939785], [10, 0.05441747856065631], [11, 0.052962612657621505], [12, 0.05178858747370541], [13, 0.05091020281333476], [14, 0.050184501236956565], [15, 0.04806977253751829], [16, 0.04769500881526619], [17, 0.046780786667857316], [18, 0.045376892176782715], [19, 0.04584152289777994], [20, 0.045243063817871736], [21, 0.044277600540407004], [22, 0.04384445950342342], [23, 0.04338727448405698], [24, 0.043975025274930524], [25, 0.04274732204573229], [26, 0.04156453550530132], [27, 0.0410349218608113], [28, 0.04170972265203018], [29, 0.040823692613840105], [30, 0.04146278018986341], [31, 0.04053053902392276], [32, 0.039948556829767765], [33, 0.039482713308138774], [34, 0.039161784172127956], [35, 0.039074898732546715], [36, 0.03875556059852243], [37, 0.03866822012177436], [38, 0.038412465312320274], [39, 0.038474903200473635], [40, 0.03778370107985102], [41, 0.037700181180256184], [42, 0.037837181760952805], [43, 0.03703290006595198], [44, 0.037154407722735774], [45, 0.037575715409917755], [46, 0.03683580484205158], [47, 0.0367253634642344], [48, 0.03691902528868522], [49, 0.03643470832971507], [50, 0.0365729717052076]], "metrics_distributed_fit": {"train_loss": [[1, 0.3022641523902974], [2, 0.2116741130494044], [3, 0.16329720871099587], [4, 0.15707861400764392], [5, 0.13538405555240565], [6, 0.12655550411421165], [7, 0.11004922560727587], [8, 0.11422781581732319], [9, 0.11258375574665776], [10, 0.0936824815060582], [11, 0.09420283953907763], [12, 0.09774615144317599], [13, 0.10294575590615755], [14, 0.09517791989314776], [15, 0.10016938211163955], [16, 0.09360179238488146], [17, 0.08340655766488578], [18, 0.08653470414424023], [19, 0.08056498172591744], [20, 0.079998425666847], [21, 0.08499889539554274], [22, 0.07811024483084421], [23, 0.08277645359346951], [24, 0.08125924753909174], [25, 0.07888798004749428], [26, 0.07295849814201971], [27, 0.07561914641383843], [28, 0.07602279567266743], [29, 0.07031045329532026], [30, 0.06547473291798796], [31, 0.07335901881127782], [32, 0.07092104776927408], [33, 0.07192326231040926], [34, 0.07029049491786284], [35, 0.06464792016235374], [36, 0.061773522509075224], [37, 0.06714808512664333], [38, 0.06817227538039676], [39, 0.06612766424718168], [40, 0.06401971426755584], [41, 0.05657813329840833], [42, 0.06742265191576326], [43, 0.06646314363520917], [44, 0.06349554239928723], [45, 0.051388016257440675], [46, 0.0560692810937374], [47, 0.059167343063039474], [48, 0.04965316473819052], [49, 0.062022605650208805], [50, 0.06074229305221929]], "train_accuracy": [[1, 0.5953925716972261], [2, 0.7044019401482566], [3, 0.7645076750280794], [4, 0.7754040497863645], [5, 0.7985170267301355], [6, 0.8207888631090487], [7, 0.8398341812700207], [8, 0.8370624825921456], [9, 0.8398839603219165], [10, 0.8677492021775859], [11, 0.8667231798059716], [12, 0.8576844830774921], [13, 0.85424166897443], [14, 0.864616796695732], [15, 0.8518620184829353], [16, 0.8643911439114391], [17, 0.8776795787890185], [18, 0.8745425541897345], [19, 0.8903517020876434], [20, 0.8855860908581044], [21, 0.8796227119910347], [22, 0.8887959866220736], [23, 0.883579577333084], [24, 0.8859874954027216], [25, 0.8882092782535053], [26, 0.8970936287039667], [27, 0.888556749182625], [28, 0.8900327562002808], [29, 0.902445855115758], [30, 0.9068340570134038], [31, 0.8972470306601602], [32, 0.8994590561462413], [33, 0.8949372967951695], [34, 0.8985723616683774], [35, 0.9088961341406614], [36, 0.9126295947219604], [37, 0.9020724421209858], [38, 0.9026886221974137], [39, 0.9048284862043251], [40, 0.9086774941995359], [41, 0.9202152771220848], [42, 0.9025992045139211], [43, 0.9018557843227772], [44, 0.9061591569767442], [45, 0.9289596643463336], [46, 0.9214664645699129], [47, 0.9166355140186916], [48, 0.9306254152035683], [49, 0.910958258739282], [50, 0.915454884414616]]}, "metrics_distributed": {"test_accuracy": [[1, 0.618925831202046], [2, 0.7203389830508474], [3, 0.7567114093959731], [4, 0.794392523364486], [5, 0.8210970464135021], [6, 0.8033898305084746], [7, 0.8125523012552301], [8, 0.8348856900931414], [9, 0.831081081081081], [10, 0.8556876061120543], [11, 0.8374259102455546], [12, 0.8712955122777307], [13, 0.878133102852204], [14, 0.8665540540540541], [15, 0.8685762426284751], [16, 0.8494623655913979], [17, 0.8848797250859106], [18, 0.8836206896551724], [19, 0.8626790227464195], [20, 0.8771331058020477], [21, 0.8722871452420701], [22, 0.8860325621251071], [23, 0.8735144312393888], [24, 0.8788381742738589], [25, 0.8972835314091681], [26, 0.86756077116513], [27, 0.9032534246575342], [28, 0.890284757118928], [29, 0.879222972972973], [30, 0.8913412563667232], [31, 0.8928877463581834], [32, 0.8906779661016949], [33, 0.8930659983291562], [34, 0.8973927670311186], [35, 0.88107202680067], [36, 0.9092465753424658], [37, 0.8969335604770017], [38, 0.8921901528013583], [39, 0.8870967741935484], [40, 0.8909395973154363], [41, 0.8844856661045531], [42, 0.8933669185558354], [43, 0.8895446880269815], [44, 0.9171648163962425], [45, 0.8948247078464107], [46, 0.9251063829787234], [47, 0.8888888888888888], [48, 0.8937074829931972], [49, 0.9051651143099069], [50, 0.9058031959629941]]}, "metrics_centralized": {"test_accuracy": [[0, 0.0851], [1, 0.6286], [2, 0.7203], [3, 0.7714], [4, 0.7862], [5, 0.801], [6, 0.8102], [7, 0.8186], [8, 0.8279], [9, 0.8342], [10, 0.8429], [11, 0.8497], [12, 0.8544], [13, 0.8565], [14, 0.8587], [15, 0.862], [16, 0.864], [17, 0.8652], [18, 0.8678], [19, 0.8696], [20, 0.8681], [21, 0.8722], [22, 0.8719], [23, 0.8755], [24, 0.873], [25, 0.8772], [26, 0.8759], [27, 0.882], [28, 0.877], [29, 0.8824], [30, 0.8782], [31, 0.8826], [32, 0.8833], [33, 0.8872], [34, 0.8854], [35, 0.8863], [36, 0.8879], [37, 0.8856], [38, 0.887], [39, 0.8889], [40, 0.8894], [41, 0.8907], [42, 0.8903], [43, 0.8883], [44, 0.8907], [45, 0.8898], [46, 0.8936], [47, 0.8926], [48, 0.892], [49, 0.8922], [50, 0.8939]]}, "use_wandb": false}