{"losses_distributed": [[1, 0.1313389702873715], [2, 0.09470697528351162], [3, 0.08673413432187448], [4, 0.0678244329073419], [5, 0.06558217330504272], [6, 0.06830518268269756], [7, 0.0627712226962134], [8, 0.056563076159080204], [9, 0.060737463303889], [10, 0.05216010973110037], [11, 0.056168837337044336], [12, 0.05054730191053349], [13, 0.0515175767613859], [14, 0.05084333210074643], [15, 0.048491325630348615], [16, 0.045948438673138116], [17, 0.05015058847207387], [18, 0.04447418391878196], [19, 0.043169830533502214], [20, 0.0470866341976512], [21, 0.04609101441515199], [22, 0.045757368679347814], [23, 0.04794439158828582], [24, 0.047742182003744575], [25, 0.04100424768797801], [26, 0.049493493818898955], [27, 0.04421224477266798], [28, 0.04169920969328259], [29, 0.04336611005651244], [30, 0.04103417613512], [31, 0.04035712789381081], [32, 0.03928739164729743], [33, 0.041016365880821436], [34, 0.040253926324263466], [35, 0.03994839032372002], [36, 0.03570585113760652], [37, 0.03692122417713231], [38, 0.04018721976593705], [39, 0.03522644860835714], [40, 0.037805880429516686], [41, 0.03957402108610071], [42, 0.03701849684417169], [43, 0.03682222555616429], [44, 0.03883014678603859], [45, 0.03995825668887661], [46, 0.04203953717571833], [47, 0.03617243854115891], [48, 0.03842048164046669], [49, 0.036015929778449834], [50, 0.04209301120172313]], "losses_centralized": [[0, 0.2879017802715301], [1, 0.1220480675816536], [2, 0.0845607739545405], [3, 0.07631884922869503], [4, 0.06904931485392153], [5, 0.06473858924573288], [6, 0.06222108989339322], [7, 0.05975121135413647], [8, 0.05630755211487413], [9, 0.05470726961148903], [10, 0.0535263489510864], [11, 0.05134524366972037], [12, 0.050799855336453766], [13, 0.04968142721727491], [14, 0.04796574559151195], [15, 0.04682348722689785], [16, 0.04667109582601115], [17, 0.04533911916059442], [18, 0.044531614051340145], [19, 0.043977690999489276], [20, 0.043336613565683364], [21, 0.04286487883916125], [22, 0.04269739054804668], [23, 0.04219673093487509], [24, 0.041427636012109], [25, 0.041040528961177915], [26, 0.040960018430603665], [27, 0.04021215025961865], [28, 0.04010306903682649], [29, 0.03931510529024526], [30, 0.03895481533294078], [31, 0.0386690561986994], [32, 0.038313619032502175], [33, 0.03811448557348922], [34, 0.037879508712282406], [35, 0.03773680004744092], [36, 0.03761971220341511], [37, 0.037193510375614275], [38, 0.036959016440808776], [39, 0.03671826682363171], [40, 0.03652993872438092], [41, 0.036322304816520774], [42, 0.03641527318267617], [43, 0.03598920128087048], [44, 0.0362723813634715], [45, 0.03563744634171016], [46, 0.03534399429106852], [47, 0.03550685614204267], [48, 0.03529771911529824], [49, 0.03507008892548038], [50, 0.034820077366079207]], "metrics_distributed_fit": {"train_loss": [[1, 0.3970238509883444], [2, 0.23549447522860076], [3, 0.19438632082119703], [4, 0.17372851095648903], [5, 0.15945146079158884], [6, 0.15018886701308956], [7, 0.1447244110363038], [8, 0.1336695018207282], [9, 0.13075402503987887], [10, 0.12711096687661988], [11, 0.12251600281435421], [12, 0.12050568182616546], [13, 0.11517598769907812], [14, 0.11198534369942016], [15, 0.10912340283409087], [16, 0.10843616546495312], [17, 0.10443438215923506], [18, 0.10244692537689738], [19, 0.10093067740220361], [20, 0.09706164024340745], [21, 0.09554015595383403], [22, 0.09202887898327368], [23, 0.09622566541542098], [24, 0.09502754718357077], [25, 0.09306819905909612], [26, 0.0896171148996785], [27, 0.0832449773909158], [28, 0.09002488518672358], [29, 0.08645493130654439], [30, 0.08431282112185307], [31, 0.08389829317737517], [32, 0.08228250270878532], [33, 0.0813937078369178], [34, 0.08290027029878923], [35, 0.07957550958385526], [36, 0.08253586611482869], [37, 0.07857009753522151], [38, 0.07960691244342372], [39, 0.0743158514962803], [40, 0.07769402563257496], [41, 0.07662187730393896], [42, 0.07457491255669875], [43, 0.0742365352113145], [44, 0.07355407696704498], [45, 0.06978221686177741], [46, 0.0744504366549733], [47, 0.07492439600095349], [48, 0.06839473434094108], [49, 0.07058097048021512], [50, 0.0697825928625701]], "train_accuracy": [[1, 0.41783249393769817], [2, 0.6469216417910447], [3, 0.7027153121209294], [4, 0.7375734402685815], [5, 0.7559701492537313], [6, 0.7702500933184024], [7, 0.7852010823924606], [8, 0.8008767021078157], [9, 0.8051717699775952], [10, 0.8092172777311316], [11, 0.8220481253497481], [12, 0.8206587664458337], [13, 0.8291499486796678], [14, 0.8360227590709822], [15, 0.840421563141205], [16, 0.8417172188520765], [17, 0.8481626562208543], [18, 0.8500653106922933], [19, 0.8522801454816749], [20, 0.8560768585020054], [21, 0.8620335820895523], [22, 0.8640179071068831], [23, 0.8587291219557712], [24, 0.8614480313491323], [25, 0.8621429904797461], [26, 0.871536523929471], [27, 0.8786720134290776], [28, 0.8673012318029115], [29, 0.8714792016414848], [30, 0.8793730758466275], [31, 0.875081630749137], [32, 0.8783468607146189], [33, 0.8760145535964176], [34, 0.8779759126132014], [35, 0.8821938252028728], [36, 0.8753031150904682], [37, 0.8844825977419054], [38, 0.8823858863063567], [39, 0.887209627763784], [40, 0.8840701361686253], [41, 0.8866903117416465], [42, 0.8876656092554581], [43, 0.8876142510725611], [44, 0.8896352271667133], [45, 0.8959634566980517], [46, 0.8895419348819853], [47, 0.8894486425972572], [48, 0.8966225041985445], [49, 0.8951785880816936], [50, 0.8961656870976771]]}, "metrics_distributed": {"test_accuracy": [[1, 0.7076271186440678], [2, 0.7322033898305085], [3, 0.7669491525423728], [4, 0.8194915254237288], [5, 0.8144067796610169], [6, 0.8076271186440678], [7, 0.823728813559322], [8, 0.85], [9, 0.8389830508474576], [10, 0.8694915254237288], [11, 0.8432203389830508], [12, 0.8593220338983051], [13, 0.8635593220338983], [14, 0.8711864406779661], [15, 0.8610169491525423], [16, 0.8703389830508474], [17, 0.8576271186440678], [18, 0.8745762711864407], [19, 0.8822033898305085], [20, 0.8796610169491526], [21, 0.8720338983050847], [22, 0.8822033898305085], [23, 0.8720338983050847], [24, 0.864406779661017], [25, 0.8889830508474577], [26, 0.8677966101694915], [27, 0.8788135593220339], [28, 0.888135593220339], [29, 0.8754237288135593], [30, 0.8949152542372881], [31, 0.8864406779661017], [32, 0.8983050847457628], [33, 0.8983050847457628], [34, 0.8991525423728813], [35, 0.8872881355932203], [36, 0.9059322033898305], [37, 0.8949152542372881], [38, 0.8991525423728813], [39, 0.9135593220338983], [40, 0.9033898305084745], [41, 0.8915254237288136], [42, 0.9016949152542373], [43, 0.8966101694915254], [44, 0.888135593220339], [45, 0.8932203389830509], [46, 0.8847457627118644], [47, 0.902542372881356], [48, 0.8915254237288136], [49, 0.9101694915254237], [50, 0.8940677966101694]]}, "metrics_centralized": {"test_accuracy": [[0, 0.1014], [1, 0.7114], [2, 0.7391], [3, 0.768], [4, 0.7926], [5, 0.7999], [6, 0.8096], [7, 0.8258], [8, 0.8327], [9, 0.8402], [10, 0.8439], [11, 0.8504], [12, 0.8527], [13, 0.8582], [14, 0.8607], [15, 0.8638], [16, 0.8668], [17, 0.8701], [18, 0.8729], [19, 0.8736], [20, 0.8764], [21, 0.8765], [22, 0.8776], [23, 0.879], [24, 0.8812], [25, 0.8836], [26, 0.8829], [27, 0.8847], [28, 0.8855], [29, 0.8883], [30, 0.8884], [31, 0.8884], [32, 0.892], [33, 0.8901], [34, 0.891], [35, 0.8918], [36, 0.8928], [37, 0.8946], [38, 0.8932], [39, 0.8937], [40, 0.8949], [41, 0.8959], [42, 0.8956], [43, 0.8949], [44, 0.8939], [45, 0.8959], [46, 0.897], [47, 0.899], [48, 0.8982], [49, 0.8995], [50, 0.8991]]}, "use_wandb": false}