{"losses_distributed": [[1, 0.30462267338219334], [2, 0.2964407227807126], [3, 0.28474876426034057], [4, 0.2665773886745259], [5, 0.2464974190218974], [6, 0.2257493435326269], [7, 0.20525207489223804], [8, 0.190623128161592], [9, 0.1754779731318102], [10, 0.16373097699577527], [11, 0.15408035420765312], [12, 0.14380567705227157], [13, 0.13909320341328443], [14, 0.1328600161661536], [15, 0.12963003326775663], [16, 0.12166441345618943], [17, 0.12223171109365205], [18, 0.11707379666425415], [19, 0.11222126208624597], [20, 0.11069180710335909], [21, 0.10626888348389481], [22, 0.10827964089684568], [23, 0.10700654392525301], [24, 0.10373646417411707], [25, 0.09984100584761571], [26, 0.10105568343552493], [27, 0.09527912917783705], [28, 0.09811727624954814], [29, 0.09441954443641638], [30, 0.09069476548140332], [31, 0.08997728268347555], [32, 0.08964670575776343], [33, 0.09253909533559265], [34, 0.0921089563329341], [35, 0.08532049360416703], [36, 0.08914733714723991], [37, 0.08952030697363918], [38, 0.08437211025443117], [39, 0.08523544161501577], [40, 0.08628980598838652], [41, 0.0891492933540021], [42, 0.08368023062535261], [43, 0.08283143176113145], [44, 0.08116379030427691], [45, 0.08495104759615862], [46, 0.08228124195741394], [47, 0.08481329425032866], [48, 0.08255381528288126], [49, 0.0840027475887436], [50, 0.0842665092924894]], "losses_centralized": [[0, 0.28841753468513487], [1, 0.2808250195980072], [2, 0.2723073788404465], [3, 0.26085547136068343], [4, 0.2453798141360283], [5, 0.2268931805729866], [6, 0.2073973932981491], [7, 0.18909002652168275], [8, 0.17350103083252907], [9, 0.16079707422852516], [10, 0.15025361950397492], [11, 0.14139621747732162], [12, 0.13407373248934745], [13, 0.12781201310157775], [14, 0.1224698463022709], [15, 0.11787182901501655], [16, 0.1140006281375885], [17, 0.11047435377836227], [18, 0.10732488815188408], [19, 0.10464420050382614], [20, 0.10224696692228318], [21, 0.10012277323007583], [22, 0.09811453905105591], [23, 0.09637772003114224], [24, 0.09474999381154775], [25, 0.0933105059236288], [26, 0.0919415472328663], [27, 0.09067635360360146], [28, 0.08956930937767028], [29, 0.08848740717172622], [30, 0.08753894887268543], [31, 0.08655246951729059], [32, 0.0857073340371251], [33, 0.08487042026519775], [34, 0.08410394646972418], [35, 0.08333815152049065], [36, 0.0826640609383583], [37, 0.08199102209508419], [38, 0.08144119503647089], [39, 0.08082281101047993], [40, 0.08018555483222008], [41, 0.07956238726228476], [42, 0.07903651092723012], [43, 0.07858084511831402], [44, 0.07801559805721045], [45, 0.07748925765156746], [46, 0.07699122259542346], [47, 0.07656618922576308], [48, 0.0761225693307817], [49, 0.0757174274355173], [50, 0.07532748328074813]], "metrics_distributed_fit": {"train_loss": [[1, 0.5714452822380515], [2, 0.5550789497681519], [3, 0.5354990887977833], [4, 0.5090691707566259], [5, 0.47450005953658875], [6, 0.43517289572395734], [7, 0.39761269927925835], [8, 0.36269103614636], [9, 0.3353287519482288], [10, 0.31092027829803076], [11, 0.2929502965809805], [12, 0.2752652710232926], [13, 0.26247614514497364], [14, 0.25103147304410556], [15, 0.2406400463525939], [16, 0.23053123834140937], [17, 0.2243514173059427], [18, 0.2164153614180327], [19, 0.2125322744323254], [20, 0.20561753127231558], [21, 0.20010942524549233], [22, 0.19577862790823428], [23, 0.19457423193972034], [24, 0.19238931532475814], [25, 0.1860594836946675], [26, 0.1801892242830812], [27, 0.18017855735592442], [28, 0.17895768268903653], [29, 0.17578400356064097], [30, 0.17490579306416207], [31, 0.17202299625867978], [32, 0.17080530095909757], [33, 0.16901329995450723], [34, 0.16739422211256746], [35, 0.1636106889688327], [36, 0.16397293210807876], [37, 0.16150199565186568], [38, 0.16428103322151227], [39, 0.1567108053524627], [40, 0.161239619497116], [41, 0.1582633451230418], [42, 0.15702904481770977], [43, 0.15508698424050954], [44, 0.15363161380990348], [45, 0.15285437450943637], [46, 0.1526098371993315], [47, 0.1525811874023143], [48, 0.1506141202492067], [49, 0.148057131144924], [50, 0.14774436011630843]], "train_accuracy": [[1, 0.16759932848349188], [2, 0.3723880597014925], [3, 0.48390407763366616], [4, 0.52494637694675], [5, 0.5805037313432836], [6, 0.6045166106756252], [7, 0.6308668470654101], [8, 0.6561275881365417], [9, 0.6653286034353996], [10, 0.6773952794103928], [11, 0.6889572840887894], [12, 0.7022487636465429], [13, 0.7113931137445181], [14, 0.7133662904579796], [15, 0.7131132251445625], [16, 0.7259916005599627], [17, 0.7201081887707518], [18, 0.7294271319275984], [19, 0.7297398116198826], [20, 0.735379162391568], [21, 0.7394589552238806], [22, 0.7468755829136355], [23, 0.7387328543435663], [24, 0.7400634446725135], [25, 0.7502333395557215], [26, 0.7544547065957645], [27, 0.7582766016972862], [28, 0.7499066815976111], [29, 0.75554933781011], [30, 0.7534284914637559], [31, 0.7597723668252635], [32, 0.7616382125198247], [33, 0.7586528594085269], [34, 0.7595929418354962], [35, 0.7674657214812051], [36, 0.7652490207050924], [37, 0.768405337314547], [38, 0.7613180248296463], [39, 0.7772180240694094], [40, 0.7727103152396941], [41, 0.7691805114803062], [42, 0.7749580145549543], [43, 0.7789591494124231], [44, 0.7769381472152252], [45, 0.7824181970728069], [46, 0.7768448549304973], [47, 0.774512547812296], [48, 0.7785967531255832], [49, 0.7860673319033853], [50, 0.7858009142643904]]}, "metrics_distributed": {"test_accuracy": [[1, 0.43813559322033896], [2, 0.5305084745762711], [3, 0.5432203389830509], [4, 0.5889830508474576], [5, 0.6203389830508474], [6, 0.6186440677966102], [7, 0.6567796610169492], [8, 0.6652542372881356], [9, 0.6838983050847458], [10, 0.6974576271186441], [11, 0.7135593220338983], [12, 0.7245762711864406], [13, 0.7076271186440678], [14, 0.735593220338983], [15, 0.7033898305084746], [16, 0.7203389830508474], [17, 0.7067796610169491], [18, 0.7203389830508474], [19, 0.7533898305084745], [20, 0.7508474576271187], [21, 0.7372881355932204], [22, 0.7364406779661017], [23, 0.7449152542372881], [24, 0.7533898305084745], [25, 0.7491525423728813], [26, 0.7305084745762712], [27, 0.7661016949152543], [28, 0.7389830508474576], [29, 0.75], [30, 0.7711864406779662], [31, 0.7728813559322034], [32, 0.7661016949152543], [33, 0.7466101694915255], [34, 0.7559322033898305], [35, 0.761864406779661], [36, 0.7661016949152543], [37, 0.7754237288135594], [38, 0.7745762711864407], [39, 0.7728813559322034], [40, 0.7864406779661017], [41, 0.7601694915254237], [42, 0.7711864406779662], [43, 0.7838983050847458], [44, 0.7703389830508475], [45, 0.7559322033898305], [46, 0.773728813559322], [47, 0.7652542372881356], [48, 0.7669491525423728], [49, 0.7754237288135594], [50, 0.7872881355932203]]}, "metrics_centralized": {"test_accuracy": [[0, 0.0871], [1, 0.4475], [2, 0.5349], [3, 0.5693], [4, 0.6068], [5, 0.6233], [6, 0.6199], [7, 0.6569], [8, 0.6767], [9, 0.6816], [10, 0.6919], [11, 0.7028], [12, 0.7106], [13, 0.7154], [14, 0.7188], [15, 0.7224], [16, 0.7247], [17, 0.7263], [18, 0.7314], [19, 0.7337], [20, 0.7351], [21, 0.7373], [22, 0.739], [23, 0.7423], [24, 0.7448], [25, 0.7466], [26, 0.7482], [27, 0.7498], [28, 0.7506], [29, 0.7519], [30, 0.7529], [31, 0.7554], [32, 0.7567], [33, 0.7584], [34, 0.7593], [35, 0.7616], [36, 0.7632], [37, 0.7651], [38, 0.7676], [39, 0.7675], [40, 0.7692], [41, 0.7715], [42, 0.7726], [43, 0.7728], [44, 0.7739], [45, 0.7742], [46, 0.7753], [47, 0.7763], [48, 0.7754], [49, 0.7772], [50, 0.7792]]}, "use_wandb": false}