{"losses_distributed": [[1, 0.3157417221945159], [2, 0.2934896244078266], [3, 0.2721189298191849], [4, 0.25204073117703807], [5, 0.25005645800609977], [6, 0.23180639074773204], [7, 0.22145340430493257], [8, 0.2150600905929293], [9, 0.20819184469933413], [10, 0.21382443266255516], [11, 0.20031681380101612], [12, 0.2076071365147221], [13, 0.21814702654979667], [14, 0.20411599539980596], [15, 0.2069963790628375], [16, 0.21769318652092193], [17, 0.2024803670465338], [18, 0.25465938691429946], [19, 0.2334120995555149], [20, 0.21577310992822962], [21, 0.2233718706941118], [22, 0.22994136083300928], [23, 0.23238372464037063], [24, 0.22581147177629554], [25, 0.21021861034511988], [26, 0.18186488468675133], [27, 0.20709324498507622], [28, 0.22356640656801816], [29, 0.21740858293832185], [30, 0.22928381403528003], [31, 0.201919214099667], [32, 0.21444593183221106], [33, 0.2106551888950017], [34, 0.1970883834061726], [35, 0.214113432378033], [36, 0.20968700267032397], [37, 0.20087052565733238], [38, 0.20140805487981012], [39, 0.19163897781756384], [40, 0.21696168216971717], [41, 0.21313960012309824], [42, 0.21627898483099986], [43, 0.20961131675615674], [44, 0.19950805320166887], [45, 0.21836187738416793], [46, 0.21037634669747252], [47, 0.20776552266026407], [48, 0.17907773234762075], [49, 0.19993765703230956], [50, 0.19232740291223235]], "losses_centralized": [[0, 0.2877844331026077], [1, 0.275622144818306], [2, 0.25005658602714537], [3, 0.23320123319625854], [4, 0.2168542093157768], [5, 0.20366493871808053], [6, 0.1934350648880005], [7, 0.18546370562016964], [8, 0.18078830253481865], [9, 0.17714584320187568], [10, 0.17404737753868102], [11, 0.17229522273391484], [12, 0.1727425964832306], [13, 0.17378241615444423], [14, 0.17498992575928568], [15, 0.17578643170595168], [16, 0.1775187624875456], [17, 0.18098720381110905], [18, 0.1875286936789751], [19, 0.19013746964633466], [20, 0.18929944081045688], [21, 0.19124630737490952], [22, 0.18864555799253285], [23, 0.18741572276409715], [24, 0.18490110114514827], [25, 0.1838107550638728], [26, 0.18334120856765657], [27, 0.1807511198129505], [28, 0.17941168633569032], [29, 0.17922563538309186], [30, 0.17870513668274507], [31, 0.17835968581605702], [32, 0.17683961641211063], [33, 0.17385855229459704], [34, 0.17667542528808117], [35, 0.17128146380037068], [36, 0.16939723634961992], [37, 0.1706349521132186], [38, 0.17043699498381465], [39, 0.16931659033186733], [40, 0.16666494889603928], [41, 0.1666769403386861], [42, 0.1668358250292018], [43, 0.16520360129345207], [44, 0.16622375713456422], [45, 0.16484274869244545], [46, 0.16211396478936077], [47, 0.15985147556401788], [48, 0.1620663188942708], [49, 0.16182222279300912], [50, 0.16042655050111934]], "metrics_distributed_fit": {"train_loss": [[1, 0.555132183744425], [2, 0.5095623218388047], [3, 0.465400728820191], [4, 0.42721532295064096], [5, 0.39187945900852106], [6, 0.35797485490065467], [7, 0.32479058882678263], [8, 0.2951536925309481], [9, 0.2631080131844214], [10, 0.23529926081540203], [11, 0.20040801548288126], [12, 0.16320178837670044], [13, 0.13256955107101026], [14, 0.10701327919410221], [15, 0.08139032203858991], [16, 0.06261958629319594], [17, 0.04831750139804048], [18, 0.030999712950223583], [19, 0.02310965739876187], [20, 0.015006236620168919], [21, 0.011667280876696532], [22, 0.00889370270742753], [23, 0.00803778288096608], [24, 0.006216118110359736], [25, 0.006013218021487807], [26, 0.004815357721756374], [27, 0.0038293975516855957], [28, 0.0037977013326934953], [29, 0.0031645578147146422], [30, 0.0030422392170608974], [31, 0.0025246919423911785], [32, 0.0024983832360702045], [33, 0.0028953888137189542], [34, 0.002357095847784165], [35, 0.002537930836965608], [36, 0.002230332105219968], [37, 0.002412635715144677], [38, 0.0020791521294799904], [39, 0.0019622517871336126], [40, 0.00210444482345299], [41, 0.002008569675378963], [42, 0.002075953387027294], [43, 0.0018656803431456794], [44, 0.0017147789708736958], [45, 0.001777085282992161], [46, 0.00200178171423484], [47, 0.001931587139910656], [48, 0.001645654617324067], [49, 0.0016043910347368535], [50, 0.001639941754272793]], "train_accuracy": [[1, 0.17869146314138473], [2, 0.23397579560735096], [3, 0.30781302544557787], [4, 0.36168067226890754], [5, 0.41375448028673834], [6, 0.46828065456175744], [7, 0.5194979829672792], [8, 0.5661583314644539], [9, 0.6156432093231735], [10, 0.6568067226890756], [11, 0.7114823951558645], [12, 0.7721263723952498], [13, 0.8194460020186162], [14, 0.8589671782233673], [15, 0.9004930524428507], [16, 0.9287554609611292], [17, 0.9491145483075544], [18, 0.972443149994399], [19, 0.9836377899809481], [20, 0.9928243076578092], [21, 0.9958529477695583], [22, 0.99831857415088], [23, 0.9980943840376639], [24, 0.9988789237668162], [25, 0.9986553115194979], [26, 0.9991030384572261], [27, 0.9994400268787098], [28, 0.9997760358342666], [29, 1.0], [30, 0.9997758350145707], [31, 1.0], [32, 0.9998879928315412], [33, 0.9997757596143065], [34, 0.9998878546596389], [35, 1.0], [36, 1.0], [37, 0.9996636771300449], [38, 1.0], [39, 1.0], [40, 1.0], [41, 0.9997758098867839], [42, 0.999663790205088], [43, 1.0], [44, 1.0], [45, 0.9998879300683626], [46, 0.9998879677347076], [47, 1.0], [48, 1.0], [49, 1.0], [50, 1.0]]}, "metrics_distributed": {"test_accuracy": [[1, 0.16428571428571428], [2, 0.2357142857142857], [3, 0.27653061224489794], [4, 0.3163265306122449], [5, 0.37857142857142856], [6, 0.39693877551020407], [7, 0.45102040816326533], [8, 0.4846938775510204], [9, 0.4897959183673469], [10, 0.503061224489796], [11, 0.513265306122449], [12, 0.5214285714285715], [13, 0.5183673469387755], [14, 0.5551020408163265], [15, 0.539795918367347], [16, 0.5612244897959183], [17, 0.563265306122449], [18, 0.5438775510204081], [19, 0.5795918367346938], [20, 0.5846938775510204], [21, 0.5806122448979592], [22, 0.5887755102040816], [23, 0.6173469387755102], [24, 0.6255102040816326], [25, 0.6193877551020408], [26, 0.6255102040816326], [27, 0.6081632653061224], [28, 0.5969387755102041], [29, 0.6265306122448979], [30, 0.5928571428571429], [31, 0.636734693877551], [32, 0.6204081632653061], [33, 0.6193877551020408], [34, 0.6448979591836734], [35, 0.6275510204081632], [36, 0.6469387755102041], [37, 0.6387755102040816], [38, 0.6357142857142857], [39, 0.6489795918367347], [40, 0.6387755102040816], [41, 0.6571428571428571], [42, 0.6193877551020408], [43, 0.6316326530612245], [44, 0.6326530612244898], [45, 0.6214285714285714], [46, 0.6571428571428571], [47, 0.6122448979591837], [48, 0.6693877551020408], [49, 0.6581632653061225], [50, 0.6663265306122449]]}, "metrics_centralized": {"test_accuracy": [[0, 0.0995], [1, 0.1692], [2, 0.2464], [3, 0.2956], [4, 0.3405], [5, 0.3928], [6, 0.4268], [7, 0.4536], [8, 0.4733], [9, 0.4914], [10, 0.504], [11, 0.5146], [12, 0.5229], [13, 0.5363], [14, 0.5449], [15, 0.5589], [16, 0.5659], [17, 0.5736], [18, 0.5762], [19, 0.5809], [20, 0.5873], [21, 0.5922], [22, 0.5989], [23, 0.6032], [24, 0.6049], [25, 0.6106], [26, 0.6153], [27, 0.6207], [28, 0.6243], [29, 0.6228], [30, 0.6255], [31, 0.6297], [32, 0.6297], [33, 0.6309], [34, 0.6345], [35, 0.637], [36, 0.6411], [37, 0.6423], [38, 0.6432], [39, 0.6434], [40, 0.6459], [41, 0.6496], [42, 0.6488], [43, 0.6535], [44, 0.6536], [45, 0.6536], [46, 0.6564], [47, 0.6575], [48, 0.6579], [49, 0.659], [50, 0.6605]]}, "use_wandb": false}