{"losses_distributed": [[1, 0.3288655726277098], [2, 0.3188876405054209], [3, 0.28850663863882725], [4, 0.2781365636660128], [5, 0.2755289307662419], [6, 0.2681632161140442], [7, 0.27208156184274324], [8, 0.2634525021728204], [9, 0.26029713433616014], [10, 0.2575111745571604], [11, 0.25471715148614377], [12, 0.25013782436750376], [13, 0.24947312419511833], [14, 0.24873593248883072], [15, 0.23446374721064858], [16, 0.2385442991037758], [17, 0.21960191507728732], [18, 0.23214716163216806], [19, 0.21944387929171932], [20, 0.21845954531917766], [21, 0.22932621350093763], [22, 0.22968884895042496], [23, 0.22956230068693356], [24, 0.2392715510665154], [25, 0.22540237233042718], [26, 0.2042331947507907], [27, 0.2174546329342589], [28, 0.24434702121177498], [29, 0.23401716597834413], [30, 0.24329131120929912], [31, 0.23145684913104894], [32, 0.23263224713048156], [33, 0.25477375630669447], [34, 0.23700826043377118], [35, 0.24204594835791052], [36, 0.25468824426738584], [37, 0.23212651390658348], [38, 0.23619513822985547], [39, 0.23041889738975738], [40, 0.23378219917720677], [41, 0.24735245806146033], [42, 0.257565288534578], [43, 0.25922696357022745], [44, 0.2446737818077815], [45, 0.2527538715614652], [46, 0.250935029263171], [47, 0.2606084854779195], [48, 0.21704533952858526], [49, 0.2612299367519362], [50, 0.26213040943352545]], "losses_centralized": [[0, 0.2877612451076508], [1, 0.28779905343055723], [2, 0.2797496153593063], [3, 0.24991602132320404], [4, 0.2408242579460144], [5, 0.23745958465337752], [6, 0.233979298889637], [7, 0.23124183404445647], [8, 0.22820204908847808], [9, 0.22551701704263688], [10, 0.22367362062931062], [11, 0.21893668565154076], [12, 0.2150804024040699], [13, 0.2101536015212536], [14, 0.20443102285265924], [15, 0.20031301848888397], [16, 0.19709911223948], [17, 0.19466302263140678], [18, 0.19361020807921886], [19, 0.19224579152166843], [20, 0.1901848913371563], [21, 0.19184330329596996], [22, 0.19015084627866746], [23, 0.1910831916347146], [24, 0.18834029861390592], [25, 0.18889334771335126], [26, 0.18809922613203525], [27, 0.18951914274245502], [28, 0.19158615290299058], [29, 0.18968293331041933], [30, 0.19002258665636182], [31, 0.19255108256191014], [32, 0.19415117565393447], [33, 0.1953936320848763], [34, 0.19738305601403117], [35, 0.1945302662804723], [36, 0.19715203675925733], [37, 0.19569951451569795], [38, 0.19947003206685185], [39, 0.20014774433597923], [40, 0.19912763698324562], [41, 0.20153059290498496], [42, 0.2004642924401909], [43, 0.20115402122437953], [44, 0.20315822694078087], [45, 0.20373684931397437], [46, 0.2029680073365569], [47, 0.20145448795184492], [48, 0.20180849274657667], [49, 0.2027462090436369], [50, 0.20346240796595813]], "metrics_distributed_fit": {"train_loss": [[1, 0.5306714438494614], [2, 0.5190665391275884], [3, 0.4970786390437124], [4, 0.48210250671504257], [5, 0.4686540134224413], [6, 0.4618095568920085], [7, 0.45348315857975324], [8, 0.44718627984894316], [9, 0.4414279003586271], [10, 0.4331182939064603], [11, 0.4170140898476323], [12, 0.3997410382627239], [13, 0.3781160559303439], [14, 0.36045362663066066], [15, 0.3456939411692318], [16, 0.33062876878306063], [17, 0.30843691140032486], [18, 0.29621259307786546], [19, 0.283770270491146], [20, 0.26701845305775807], [21, 0.2491408472628527], [22, 0.23795960420046722], [23, 0.22526236306180664], [24, 0.20992109893482896], [25, 0.1945396795499851], [26, 0.18599762158700806], [27, 0.17794034630779887], [28, 0.1612872093394482], [29, 0.15698303848167913], [30, 0.14948441967248813], [31, 0.1344218665543348], [32, 0.12775281508255565], [33, 0.1227038849999539], [34, 0.108786034227538], [35, 0.10802652086164137], [36, 0.10292162882219458], [37, 0.09466876864695353], [38, 0.0877050700943516], [39, 0.0811039969616241], [40, 0.07814077198299857], [41, 0.07492761819769253], [42, 0.07550890749214657], [43, 0.07067049298723671], [44, 0.06257837645438552], [45, 0.06258145786330335], [46, 0.06142948795531879], [47, 0.060771599291623374], [48, 0.059396040864659855], [49, 0.053189482805583686], [50, 0.050372680827052506]], "train_accuracy": [[1, 0.17163343042796325], [2, 0.18982519049753474], [3, 0.18921645555431005], [4, 0.204593837535014], [5, 0.21875], [6, 0.23514906971531047], [7, 0.25694755714926043], [8, 0.27136129176945506], [9, 0.28047960555804574], [10, 0.30633053221288514], [11, 0.34278986319802646], [12, 0.3718350885054896], [13, 0.4060782774475721], [14, 0.4415817183824353], [15, 0.4641416405199462], [16, 0.4909824129046712], [17, 0.5291414481058059], [18, 0.5462081326313432], [19, 0.5731256303933655], [20, 0.5939006615091378], [21, 0.6203765971755212], [22, 0.6331128797220043], [23, 0.6629301647797332], [24, 0.6945067264573991], [25, 0.7148139847601972], [26, 0.7340509025675525], [27, 0.7393885093515511], [28, 0.7736842105263158], [29, 0.7726509127561877], [30, 0.7962340282447882], [31, 0.8184467107475064], [32, 0.8269489247311828], [33, 0.8355196770938446], [34, 0.854659638892004], [35, 0.8573989022067884], [36, 0.8690582959641255], [37, 0.8771300448430494], [38, 0.8904447182704156], [39, 0.9021190716448032], [40, 0.9038914433105304], [41, 0.9107723349400292], [42, 0.9103440546901267], [43, 0.9157706093189965], [44, 0.9269631455136104], [45, 0.9271545444357279], [46, 0.9312121891104638], [47, 0.9277391888863993], [48, 0.9322356630824373], [49, 0.9396010757507844], [50, 0.946206432814076]]}, "metrics_distributed": {"test_accuracy": [[1, 0.10510204081632653], [2, 0.11224489795918367], [3, 0.15306122448979592], [4, 0.17755102040816326], [5, 0.22346938775510203], [6, 0.23061224489795917], [7, 0.23265306122448978], [8, 0.2602040816326531], [9, 0.2785714285714286], [10, 0.30714285714285716], [11, 0.29897959183673467], [12, 0.32551020408163267], [13, 0.373469387755102], [14, 0.3622448979591837], [15, 0.38571428571428573], [16, 0.39183673469387753], [17, 0.42653061224489797], [18, 0.40816326530612246], [19, 0.45714285714285713], [20, 0.43979591836734694], [21, 0.4459183673469388], [22, 0.463265306122449], [23, 0.47551020408163264], [24, 0.47244897959183674], [25, 0.4826530612244898], [26, 0.5081632653061224], [27, 0.4857142857142857], [28, 0.47551020408163264], [29, 0.5051020408163265], [30, 0.4928571428571429], [31, 0.4887755102040816], [32, 0.49183673469387756], [33, 0.5112244897959184], [34, 0.5051020408163265], [35, 0.5244897959183673], [36, 0.5122448979591837], [37, 0.5091836734693878], [38, 0.5295918367346939], [39, 0.5540816326530612], [40, 0.5357142857142857], [41, 0.5336734693877551], [42, 0.5326530612244897], [43, 0.4887755102040816], [44, 0.5316326530612245], [45, 0.5295918367346939], [46, 0.5418367346938775], [47, 0.523469387755102], [48, 0.5530612244897959], [49, 0.539795918367347], [50, 0.5785714285714286]]}, "metrics_centralized": {"test_accuracy": [[0, 0.1169], [1, 0.1], [2, 0.1318], [3, 0.1934], [4, 0.2132], [5, 0.2444], [6, 0.2374], [7, 0.2546], [8, 0.2746], [9, 0.2849], [10, 0.3008], [11, 0.3152], [12, 0.3336], [13, 0.3579], [14, 0.3794], [15, 0.4], [16, 0.4128], [17, 0.4271], [18, 0.4366], [19, 0.4438], [20, 0.4526], [21, 0.4612], [22, 0.4691], [23, 0.4781], [24, 0.4882], [25, 0.4932], [26, 0.5009], [27, 0.5064], [28, 0.5136], [29, 0.5139], [30, 0.5203], [31, 0.5229], [32, 0.525], [33, 0.5248], [34, 0.5292], [35, 0.5269], [36, 0.5329], [37, 0.5369], [38, 0.5402], [39, 0.5392], [40, 0.5422], [41, 0.5413], [42, 0.5443], [43, 0.5433], [44, 0.5494], [45, 0.5491], [46, 0.5504], [47, 0.5535], [48, 0.5521], [49, 0.5606], [50, 0.5565]]}, "use_wandb": false}