{"losses_distributed": [[1, 0.32790881346683115], [2, 0.313122254974988], [3, 0.2854420958733072], [4, 0.27839702525917365], [5, 0.2736793940164605], [6, 0.2686776293783772], [7, 0.2700336677687509], [8, 0.2604519788099795], [9, 0.25673784273011346], [10, 0.25122017738770464], [11, 0.2485383107954142], [12, 0.2425082632473537], [13, 0.24289870037108052], [14, 0.24369025643990963], [15, 0.22627549852643694], [16, 0.2335142148392541], [17, 0.21962341091462545], [18, 0.23162808941335095], [19, 0.22335789367860678], [20, 0.2149423017489667], [21, 0.22700015598413895], [22, 0.22617901092281148], [23, 0.22861058897509867], [24, 0.23716966357766364], [25, 0.23086151321019446], [26, 0.20977246369026145], [27, 0.22146474434709063], [28, 0.2439875073578893], [29, 0.22639739981719426], [30, 0.24042555017738926], [31, 0.23907586818903076], [32, 0.23925860499849125], [33, 0.23178667431051025], [34, 0.23621749368553258], [35, 0.23764867412344534], [36, 0.2579282135835716], [37, 0.23243286526780957], [38, 0.23872826262567268], [39, 0.22706319505006684], [40, 0.23921883858892382], [41, 0.24150661539514454], [42, 0.2566490527204409], [43, 0.2577943022538699], [44, 0.2396583314604905], [45, 0.2585150845272809], [46, 0.25873506149771264], [47, 0.24648034508834232], [48, 0.2221899074226694], [49, 0.2554678668068456], [50, 0.26862462027644624]], "losses_centralized": [[0, 0.28805333178043363], [1, 0.28762120015621184], [2, 0.27350359055995943], [3, 0.24749368641376496], [4, 0.24016436494588853], [5, 0.23675398112535476], [6, 0.23227608363628388], [7, 0.22844610280990602], [8, 0.22515469523668288], [9, 0.22047381517887116], [10, 0.21748310470581056], [11, 0.21251647388935088], [12, 0.20908760173916816], [13, 0.2059503307580948], [14, 0.20221874292492867], [15, 0.1988862508356571], [16, 0.19489137358367442], [17, 0.19190851101279258], [18, 0.19052815523147584], [19, 0.1915674629122019], [20, 0.187746049977839], [21, 0.18951435726583005], [22, 0.188374125893414], [23, 0.19064110165685416], [24, 0.18784427856206895], [25, 0.1891556242093444], [26, 0.1889737475052476], [27, 0.19009729746207596], [28, 0.1909431502223015], [29, 0.1908508917964995], [30, 0.1932289671868086], [31, 0.19309506728053094], [32, 0.19667377405688166], [33, 0.19596430032104253], [34, 0.19690025183334947], [35, 0.19581251927539706], [36, 0.19918330971896647], [37, 0.19763360641635955], [38, 0.20043435000255705], [39, 0.20222842622250317], [40, 0.1994207595543936], [41, 0.20128411404825747], [42, 0.2020764435749501], [43, 0.20303548243995756], [44, 0.2049337204989046], [45, 0.20648477165494114], [46, 0.20303397525027395], [47, 0.20355584044642747], [48, 0.20495684871301054], [49, 0.2076251257222146], [50, 0.20827534239292145]], "metrics_distributed_fit": {"train_loss": [[1, 0.530237799171052], [2, 0.5196335669431597], [3, 0.49258877388926686], [4, 0.47659600858928775], [5, 0.46442802936693245], [6, 0.45742177537032186], [7, 0.4462860800770033], [8, 0.4384959785426029], [9, 0.42876787870414373], [10, 0.4146818994774538], [11, 0.39254122396693364], [12, 0.3753778464840101], [13, 0.3566511551888919], [14, 0.342253060964904], [15, 0.32906298249198523], [16, 0.3108435295871915], [17, 0.29056878402792424], [18, 0.27548311829526895], [19, 0.2600215132175293], [20, 0.24824141115885784], [21, 0.23487436376734183], [22, 0.22425339115110632], [23, 0.21095061744576332], [24, 0.19700194292413614], [25, 0.1841084733208811], [26, 0.17568286583378906], [27, 0.16513399163198267], [28, 0.15508339914481792], [29, 0.1484474411423257], [30, 0.1393153072390463], [31, 0.13100692874939962], [32, 0.12194742386153812], [33, 0.11968826836152356], [34, 0.10973981112144404], [35, 0.10565953546481077], [36, 0.09755539283072347], [37, 0.09502759078203549], [38, 0.09064618394919767], [39, 0.08302044153529842], [40, 0.08659070983038311], [41, 0.07615261948358974], [42, 0.07199277031230387], [43, 0.06836470576809821], [44, 0.06383772180640514], [45, 0.06326204311132584], [46, 0.06344212009094145], [47, 0.06453479332688833], [48, 0.05927244158152709], [49, 0.05521223831352837], [50, 0.050666140209821665]], "train_accuracy": [[1, 0.18272462469191128], [2, 0.1871358135365307], [3, 0.19201883196951014], [4, 0.20436974789915965], [5, 0.22457437275985664], [6, 0.24377942165433758], [7, 0.2664724338861497], [8, 0.28549002018389774], [9, 0.316674137158225], [10, 0.33747899159663863], [11, 0.3793451446512671], [12, 0.41071028456195385], [13, 0.4407311876191544], [14, 0.47104290355102496], [15, 0.5021290900941282], [16, 0.5249243866920578], [17, 0.5554808338937458], [18, 0.5872073484933348], [19, 0.6089880085173148], [20, 0.6320215270770265], [21, 0.6489576328177539], [22, 0.6636027351193813], [23, 0.684564510705078], [24, 0.7149103139013453], [25, 0.7305020170327208], [26, 0.7510931718802556], [27, 0.7621234180759323], [28, 0.780963045912654], [29, 0.7858662784186359], [30, 0.8020623178659494], [31, 0.822257088423176], [32, 0.8332213261648745], [33, 0.8336136338154502], [34, 0.8511831333408096], [35, 0.8614316119637057], [36, 0.8734304932735426], [37, 0.877914798206278], [38, 0.8879802845300773], [39, 0.8974100235452405], [40, 0.889873275765392], [41, 0.9044950117699809], [42, 0.9116888938697747], [43, 0.9203629032258065], [44, 0.9268511257981404], [45, 0.9291718032052001], [46, 0.9314362536410487], [47, 0.9254985435805512], [48, 0.933355734767025], [49, 0.9383684446436575], [50, 0.9453098733609773]]}, "metrics_distributed": {"test_accuracy": [[1, 0.10816326530612246], [2, 0.10714285714285714], [3, 0.15510204081632653], [4, 0.1836734693877551], [5, 0.22346938775510203], [6, 0.23469387755102042], [7, 0.2530612244897959], [8, 0.28775510204081634], [9, 0.2969387755102041], [10, 0.32142857142857145], [11, 0.3306122448979592], [12, 0.3826530612244898], [13, 0.386734693877551], [14, 0.40408163265306124], [15, 0.4326530612244898], [16, 0.4275510204081633], [17, 0.44285714285714284], [18, 0.44387755102040816], [19, 0.4673469387755102], [20, 0.4642857142857143], [21, 0.45714285714285713], [22, 0.46530612244897956], [23, 0.48673469387755103], [24, 0.4826530612244898], [25, 0.49183673469387756], [26, 0.5102040816326531], [27, 0.4959183673469388], [28, 0.48673469387755103], [29, 0.5010204081632653], [30, 0.49081632653061225], [31, 0.4846938775510204], [32, 0.49081632653061225], [33, 0.5153061224489796], [34, 0.5295918367346939], [35, 0.4887755102040816], [36, 0.5153061224489796], [37, 0.5204081632653061], [38, 0.5204081632653061], [39, 0.5153061224489796], [40, 0.513265306122449], [41, 0.5255102040816326], [42, 0.5265306122448979], [43, 0.503061224489796], [44, 0.5255102040816326], [45, 0.5173469387755102], [46, 0.5316326530612245], [47, 0.5265306122448979], [48, 0.563265306122449], [49, 0.5336734693877551], [50, 0.5357142857142857]]}, "metrics_centralized": {"test_accuracy": [[0, 0.1], [1, 0.1003], [2, 0.1609], [3, 0.198], [4, 0.2264], [5, 0.236], [6, 0.2529], [7, 0.2703], [8, 0.289], [9, 0.3094], [10, 0.3217], [11, 0.3377], [12, 0.3542], [13, 0.3739], [14, 0.3929], [15, 0.4101], [16, 0.429], [17, 0.4454], [18, 0.4528], [19, 0.4586], [20, 0.4715], [21, 0.474], [22, 0.4832], [23, 0.4836], [24, 0.4913], [25, 0.4988], [26, 0.5018], [27, 0.5077], [28, 0.5119], [29, 0.5122], [30, 0.5145], [31, 0.5204], [32, 0.5195], [33, 0.5224], [34, 0.5273], [35, 0.53], [36, 0.5338], [37, 0.5403], [38, 0.5375], [39, 0.5322], [40, 0.5384], [41, 0.5371], [42, 0.5406], [43, 0.5423], [44, 0.5425], [45, 0.5427], [46, 0.5464], [47, 0.5431], [48, 0.537], [49, 0.5407], [50, 0.55]]}, "use_wandb": false}