{"losses_distributed": [[1, 0.2909261356811134], [2, 0.2557889235262968], [3, 0.2315791342635544], [4, 0.21642073715219692], [5, 0.22754685726700996], [6, 0.22083215663323597], [7, 0.22188208522845287], [8, 0.21413767071706907], [9, 0.2126910246262441], [10, 0.2250222740580841], [11, 0.21603205285785834], [12, 0.20738614743803532], [13, 0.21966660031288557], [14, 0.21706056736637744], [15, 0.20624360031999495], [16, 0.2237747717306626], [17, 0.19955271953391387], [18, 0.2381338258121847], [19, 0.21219900273622908], [20, 0.17831088756424926], [21, 0.19567206004273374], [22, 0.20541248684939073], [23, 0.20670466291651662], [24, 0.20665786792048996], [25, 0.19113425781335017], [26, 0.1717424836031123], [27, 0.1872802793278777], [28, 0.20239686972499654], [29, 0.2056498323175201]], "losses_centralized": [[0, 0.2878230932474136], [1, 0.2510416110634804], [2, 0.21412089986801147], [3, 0.19529082196950912], [4, 0.18652858979701994], [5, 0.18451008898615837], [6, 0.18451182989180087], [7, 0.18035037994086742], [8, 0.17732796388715505], [9, 0.17420216004401445], [10, 0.17849705463051796], [11, 0.18033622292727233], [12, 0.17866364330351353], [13, 0.17577497791051866], [14, 0.17722373225092888], [15, 0.17330660267546774], [16, 0.17430210051983594], [17, 0.17329918962717056], [18, 0.17112535701543094], [19, 0.1730892931059003], [20, 0.1707160591058433], [21, 0.1689231015637517], [22, 0.1680894973728806], [23, 0.16748174271136523], [24, 0.16734993327409028], [25, 0.16424331371188164], [26, 0.16595517443269492], [27, 0.16520832934193314], [28, 0.16429208315499128], [29, 0.1620544286351651]], "metrics_distributed_fit": {"train_loss": [[1, 0.5016375610827332], [2, 0.4189538765733737], [3, 0.3368579566582291], [4, 0.26048548337917365], [5, 0.20340460763787718], [6, 0.1608577633084096], [7, 0.14161754233976903], [8, 0.10828783948676289], [9, 0.10415688524536379], [10, 0.07058511840066653], [11, 0.038881298489525616], [12, 0.050750516194612745], [13, 0.03378145150294184], [14, 0.024904046299092212], [15, 0.0325898061360737], [16, 0.013219976580380974], [17, 0.011948476368209936], [18, 0.01887278321304315], [19, 0.014732748640183743], [20, 0.010963022656667544], [21, 0.013875641297995735], [22, 0.012292046428819585], [23, 0.007191816502702947], [24, 0.0015990829026891677], [25, 0.008220010661536303], [26, 0.0013935405931217585], [27, 0.005432346189827599], [28, 0.0031118777661519816], [29, 0.005223300235981514]], "train_accuracy": [[1, 0.25072820972440063], [2, 0.36967727476467954], [3, 0.4962448156036319], [4, 0.6197198879551821], [5, 0.7137096774193549], [6, 0.7794216543375925], [7, 0.8235096369341103], [8, 0.8606189728638708], [9, 0.8765127745405648], [10, 0.9194397759103642], [11, 0.9571652836958959], [12, 0.9401747703338561], [13, 0.9631041830211955], [14, 0.972443149994399], [15, 0.9648139847601972], [16, 0.9865576341436093], [17, 0.9895763281775387], [18, 0.9803965497927635], [19, 0.9861033284769696], [20, 0.9884516201367867], [21, 0.9852051109616677], [22, 0.9867727833202555], [23, 0.9932742966035197], [24, 0.9984304932735426], [25, 0.9918198117436128], [26, 0.9989909182643795], [27, 0.9941762795385821], [28, 0.9973124300111982], [29, 0.9946242580356143]]}, "metrics_distributed": {"test_accuracy": [[1, 0.24081632653061225], [2, 0.37142857142857144], [3, 0.4193877551020408], [4, 0.4530612244897959], [5, 0.4897959183673469], [6, 0.4887755102040816], [7, 0.48775510204081635], [8, 0.5387755102040817], [9, 0.5163265306122449], [10, 0.5142857142857142], [11, 0.5673469387755102], [12, 0.576530612244898], [13, 0.5520408163265306], [14, 0.5540816326530612], [15, 0.5816326530612245], [16, 0.5704081632653061], [17, 0.5724489795918367], [18, 0.5673469387755102], [19, 0.5775510204081633], [20, 0.610204081632653], [21, 0.5948979591836735], [22, 0.6061224489795919], [23, 0.6], [24, 0.6040816326530613], [25, 0.6163265306122448], [26, 0.6234693877551021], [27, 0.6010204081632653], [28, 0.5948979591836735], [29, 0.6061224489795919]]}, "metrics_centralized": {"test_accuracy": [[0, 0.0951], [1, 0.276], [2, 0.3721], [3, 0.4233], [4, 0.4565], [5, 0.4784], [6, 0.4962], [7, 0.5158], [8, 0.5297], [9, 0.5396], [10, 0.5513], [11, 0.565], [12, 0.5697], [13, 0.5792], [14, 0.5798], [15, 0.5897], [16, 0.5961], [17, 0.6002], [18, 0.6043], [19, 0.6021], [20, 0.6053], [21, 0.6053], [22, 0.609], [23, 0.6108], [24, 0.6151], [25, 0.6178], [26, 0.6219], [27, 0.6227], [28, 0.6267], [29, 0.623]]}, "use_wandb": false}