{"losses_distributed": [[1, 0.31265813355543176], [2, 0.29061370686608917], [3, 0.2698325631569843], [4, 0.24793197914045684], [5, 0.24581709029723187], [6, 0.22743160730721998], [7, 0.21775430556462735], [8, 0.21322116255760193], [9, 0.207402253667919], [10, 0.21115941037328875], [11, 0.20233114644580957], [12, 0.20909058165793515], [13, 0.22601781536121757], [14, 0.20838806209515554], [15, 0.22047853740787476], [16, 0.23419894521333734], [17, 0.20638379231855578], [18, 0.26034193399305244], [19, 0.24551466982431558], [20, 0.21867509406364086], [21, 0.2263513402766263], [22, 0.24774244988090074], [23, 0.2413634292325195], [24, 0.23919464140484223], [25, 0.2360962105919702], [26, 0.19094839678027153], [27, 0.21772132984799694], [28, 0.22727362625395917], [29, 0.22806530662845553], [30, 0.23345187558075034], [31, 0.21233490662772816], [32, 0.22169800486263572], [33, 0.2121300799738882], [34, 0.2232856704494726], [35, 0.2292312211090965], [36, 0.23190710301491982], [37, 0.21216781291378928], [38, 0.2097750525429788], [39, 0.20431247555379928], [40, 0.23115988470880047], [41, 0.222806690053121], [42, 0.22894845382923412], [43, 0.21415252979198585], [44, 0.20680786775346674], [45, 0.21828834547593534], [46, 0.21591424923413907], [47, 0.2084888985721461], [48, 0.18437666165385852], [49, 0.21833841116832836], [50, 0.2157724649056184]], "losses_centralized": [[0, 0.2877902996778488], [1, 0.27292382917404173], [2, 0.24707213833332062], [3, 0.22982737158536912], [4, 0.2133861695587635], [5, 0.1997940489053726], [6, 0.19094489350318908], [7, 0.18404919514358042], [8, 0.17969972382485866], [9, 0.17706200786232948], [10, 0.1745733201831579], [11, 0.1734532373726368], [12, 0.1758575179591775], [13, 0.1773201934978366], [14, 0.17953575620502232], [15, 0.18298509822115303], [16, 0.18716952554509045], [17, 0.18715770205035806], [18, 0.19095296287983657], [19, 0.19600286492966115], [20, 0.1960908386517316], [21, 0.1965320493252948], [22, 0.1944997129527852], [23, 0.1953853585029021], [24, 0.19050832360871137], [25, 0.19138477139249443], [26, 0.18981280393833294], [27, 0.18830468184510246], [28, 0.18698640517462045], [29, 0.18645679629258813], [30, 0.18592630738783628], [31, 0.1867766888395883], [32, 0.18377185897752643], [33, 0.1819479039817117], [34, 0.1824808314718306], [35, 0.17806427441760897], [36, 0.17780267555378376], [37, 0.1777252340494655], [38, 0.17694248577691615], [39, 0.17690514687458053], [40, 0.17362737348033117], [41, 0.1731607415702194], [42, 0.17315481901979074], [43, 0.1704815685287118], [44, 0.17178484729342164], [45, 0.17118285139668732], [46, 0.16653235495854168], [47, 0.16541026089359076], [48, 0.1673727293288335], [49, 0.1665954918075353], [50, 0.16558533328706398]], "metrics_distributed_fit": {"train_loss": [[1, 0.5506119475940565], [2, 0.502606640330669], [3, 0.4554501480150752], [4, 0.4168299373825725], [5, 0.3766413299720668], [6, 0.34252978810225065], [7, 0.30910332281023917], [8, 0.279472052208857], [9, 0.246487514733273], [10, 0.21896161975772108], [11, 0.18438529583931898], [12, 0.14361418665209572], [13, 0.11408434663735789], [14, 0.09375975759138873], [15, 0.06967990808959626], [16, 0.05047362640599335], [17, 0.04382676485116029], [18, 0.027786930250620505], [19, 0.021571900645362088], [20, 0.015561844564530053], [21, 0.011985176430624316], [22, 0.010772957496944985], [23, 0.00814835820536942], [24, 0.00942918577805729], [25, 0.00609666629402803], [26, 0.005575754358879453], [27, 0.005151517442798894], [28, 0.003979879562791373], [29, 0.0037448023813061023], [30, 0.0030904224396252388], [31, 0.0025252263341957494], [32, 0.0027304584105344865], [33, 0.002914037748752389], [34, 0.0023419718571579787], [35, 0.0027687552298923702], [36, 0.002208677023521185], [37, 0.002100154960317829], [38, 0.00206739386851023], [39, 0.0019467784204760556], [40, 0.002246032692711307], [41, 0.001905005895249296], [42, 0.0016931266461696895], [43, 0.0018437866096151067], [44, 0.0016773762625636487], [45, 0.0015839606277207583], [46, 0.001879131732959842], [47, 0.0017646897915843695], [48, 0.0015385046400479693], [49, 0.0015667827101620015], [50, 0.001660730115097915]], "train_accuracy": [[1, 0.186533721711853], [2, 0.2573957866427611], [3, 0.32955946642753053], [4, 0.3865546218487395], [5, 0.44310035842293904], [6, 0.4954046177986998], [7, 0.5476243836844464], [8, 0.5890334155640278], [9, 0.6357014791573286], [10, 0.6864985994397759], [11, 0.738954922628392], [12, 0.8042796325341698], [13, 0.8498373892564763], [14, 0.8776744707068445], [15, 0.9150605109816226], [16, 0.9462305365744371], [17, 0.9560636628558619], [18, 0.9763638400358463], [19, 0.9852067690238709], [20, 0.990806144186568], [21, 0.9946200403496974], [22, 0.9946194372828159], [23, 0.9976460038112319], [24, 0.9947309417040359], [25, 0.9984311967727476], [26, 0.9977575961430654], [27, 0.9979840967633553], [28, 0.999552071668533], [29, 0.9993280322544518], [30, 0.9996637525218561], [31, 1.0], [32, 1.0], [33, 0.9992151586500729], [34, 0.9998878546596389], [35, 0.9996639408535902], [36, 1.0], [37, 1.0], [38, 0.9998879802845301], [39, 1.0], [40, 0.9997757093192778], [41, 0.999887904943392], [42, 1.0], [43, 1.0], [44, 0.9998879802845301], [45, 1.0], [46, 0.9997759354694152], [47, 1.0], [48, 1.0], [49, 0.9998879426266248], [50, 0.9997758601367254]]}, "metrics_distributed": {"test_accuracy": [[1, 0.15612244897959185], [2, 0.23979591836734693], [3, 0.2979591836734694], [4, 0.3448979591836735], [5, 0.3989795918367347], [6, 0.4163265306122449], [7, 0.4683673469387755], [8, 0.4897959183673469], [9, 0.4826530612244898], [10, 0.5163265306122449], [11, 0.5071428571428571], [12, 0.5285714285714286], [13, 0.5102040816326531], [14, 0.5663265306122449], [15, 0.5448979591836735], [16, 0.5387755102040817], [17, 0.5622448979591836], [18, 0.5408163265306123], [19, 0.5744897959183674], [20, 0.5918367346938775], [21, 0.5806122448979592], [22, 0.5744897959183674], [23, 0.6061224489795919], [24, 0.610204081632653], [25, 0.6112244897959184], [26, 0.613265306122449], [27, 0.6], [28, 0.6], [29, 0.6020408163265306], [30, 0.6010204081632653], [31, 0.6020408163265306], [32, 0.5918367346938775], [33, 0.6153061224489796], [34, 0.6193877551020408], [35, 0.6255102040816326], [36, 0.636734693877551], [37, 0.6051020408163266], [38, 0.6438775510204081], [39, 0.6285714285714286], [40, 0.6193877551020408], [41, 0.6418367346938776], [42, 0.613265306122449], [43, 0.6255102040816326], [44, 0.6193877551020408], [45, 0.6142857142857143], [46, 0.639795918367347], [47, 0.6214285714285714], [48, 0.6632653061224489], [49, 0.6408163265306123], [50, 0.6663265306122449]]}, "metrics_centralized": {"test_accuracy": [[0, 0.0822], [1, 0.1732], [2, 0.2726], [3, 0.3091], [4, 0.3649], [5, 0.419], [6, 0.4376], [7, 0.4698], [8, 0.4817], [9, 0.4977], [10, 0.5129], [11, 0.5252], [12, 0.5332], [13, 0.5455], [14, 0.5518], [15, 0.5589], [16, 0.5668], [17, 0.5755], [18, 0.5778], [19, 0.5807], [20, 0.583], [21, 0.5905], [22, 0.5934], [23, 0.5951], [24, 0.5968], [25, 0.6082], [26, 0.6098], [27, 0.6121], [28, 0.6155], [29, 0.6156], [30, 0.6177], [31, 0.6187], [32, 0.6198], [33, 0.6239], [34, 0.6263], [35, 0.6273], [36, 0.6333], [37, 0.6347], [38, 0.6324], [39, 0.6345], [40, 0.6415], [41, 0.6417], [42, 0.6448], [43, 0.6444], [44, 0.6464], [45, 0.6465], [46, 0.6498], [47, 0.6503], [48, 0.6519], [49, 0.653], [50, 0.6541]]}, "use_wandb": false}