{"losses_distributed": [[1, 0.2307138937004542], [2, 0.47142652664517043], [3, 0.3914162609015157], [4, 0.47495777034222164], [5, NaN], [6, NaN], [7, NaN], [8, NaN], [9, NaN], [10, NaN], [11, NaN], [12, NaN], [13, NaN], [14, NaN], [15, NaN], [16, NaN], [17, NaN], [18, NaN], [19, NaN], [20, NaN], [21, NaN], [22, NaN], [23, NaN], [24, NaN], [25, NaN], [26, NaN], [27, NaN], [28, NaN], [29, NaN], [30, NaN], [31, NaN], [32, NaN], [33, NaN], [34, NaN], [35, NaN], [36, NaN], [37, NaN], [38, NaN], [39, NaN], [40, NaN], [41, NaN], [42, NaN], [43, NaN], [44, NaN], [45, NaN], [46, NaN], [47, NaN], [48, NaN], [49, NaN], [50, NaN]], "losses_centralized": [[0, 0.28825700409412386], [1, 0.2016231394842267], [2, 0.3884396417465302], [3, 0.3223276888314787], [4, 0.4195906919679264], [5, NaN], [6, NaN], [7, NaN], [8, NaN], [9, NaN], [10, NaN], [11, NaN], [12, NaN], [13, NaN], [14, NaN], [15, NaN], [16, NaN], [17, NaN], [18, NaN], [19, NaN], [20, NaN], [21, NaN], [22, NaN], [23, NaN], [24, NaN], [25, NaN], [26, NaN], [27, NaN], [28, NaN], [29, NaN], [30, NaN], [31, NaN], [32, NaN], [33, NaN], [34, NaN], [35, NaN], [36, NaN], [37, NaN], [38, NaN], [39, NaN], [40, NaN], [41, NaN], [42, NaN], [43, NaN], [44, NaN], [45, NaN], [46, NaN], [47, NaN], [48, NaN], [49, NaN], [50, NaN]], "metrics_distributed_fit": {"train_loss": [[1, 111.68248651681837], [2, 3587.6520338570936], [3, 6201889.5370882405], [4, 187972273113.4373], [5, NaN], [6, NaN], [7, NaN], [8, NaN], [9, NaN], [10, NaN], [11, NaN], [12, NaN], [13, NaN], [14, NaN], [15, NaN], [16, NaN], [17, NaN], [18, NaN], [19, NaN], [20, NaN], [21, NaN], [22, NaN], [23, NaN], [24, NaN], [25, NaN], [26, NaN], [27, NaN], [28, NaN], [29, NaN], [30, NaN], [31, NaN], [32, NaN], [33, NaN], [34, NaN], [35, NaN], [36, NaN], [37, NaN], [38, NaN], [39, NaN], [40, NaN], [41, NaN], [42, NaN], [43, NaN], [44, NaN], [45, NaN], [46, NaN], [47, NaN], [48, NaN], [49, NaN], [50, NaN]], "train_accuracy": [[1, 16.923521731020333], [2, 18.334981343283584], [3, 18.73686666044602], [4, 18.258696260374894], [5, 17.904850746268657], [6, 0.0], [7, 0.0], [8, 0.0], [9, 0.0], [10, 0.0], [11, 0.0], [12, 0.0], [13, 0.0], [14, 0.0], [15, 0.0], [16, 0.0], [17, 0.0], [18, 0.0], [19, 0.0], [20, 0.0], [21, 0.0], [22, 0.0], [23, 0.0], [24, 0.0], [25, 0.0], [26, 0.0], [27, 0.0], [28, 0.0], [29, 0.0], [30, 0.0], [31, 0.0], [32, 0.0], [33, 0.0], [34, 0.0], [35, 0.0], [36, 0.0], [37, 0.0], [38, 0.0], [39, 0.0], [40, 0.0], [41, 0.0], [42, 0.0], [43, 0.0], [44, 0.0], [45, 0.0], [46, 0.0], [47, 0.0], [48, 0.0], [49, 0.0], [50, 0.0]]}, "metrics_distributed": {"test_accuracy": [[1, 0.5059322033898305], [2, 0.6110169491525423], [3, 0.652542372881356], [4, 0.6508474576271186], [5, 0.0], [6, 0.0], [7, 0.0], [8, 0.0], [9, 0.0], [10, 0.0], [11, 0.0], [12, 0.0], [13, 0.0], [14, 0.0], [15, 0.0], [16, 0.0], [17, 0.0], [18, 0.0], [19, 0.0], [20, 0.0], [21, 0.0], [22, 0.0], [23, 0.0], [24, 0.0], [25, 0.0], [26, 0.0], [27, 0.0], [28, 0.0], [29, 0.0], [30, 0.0], [31, 0.0], [32, 0.0], [33, 0.0], [34, 0.0], [35, 0.0], [36, 0.0], [37, 0.0], [38, 0.0], [39, 0.0], [40, 0.0], [41, 0.0], [42, 0.0], [43, 0.0], [44, 0.0], [45, 0.0], [46, 0.0], [47, 0.0], [48, 0.0], [49, 0.0], [50, 0.0]]}, "metrics_centralized": {"test_accuracy": [[0, 0.0536], [1, 0.5138], [2, 0.6286], [3, 0.6703], [4, 0.6221], [5, 0.0], [6, 0.0], [7, 0.0], [8, 0.0], [9, 0.0], [10, 0.0], [11, 0.0], [12, 0.0], [13, 0.0], [14, 0.0], [15, 0.0], [16, 0.0], [17, 0.0], [18, 0.0], [19, 0.0], [20, 0.0], [21, 0.0], [22, 0.0], [23, 0.0], [24, 0.0], [25, 0.0], [26, 0.0], [27, 0.0], [28, 0.0], [29, 0.0], [30, 0.0], [31, 0.0], [32, 0.0], [33, 0.0], [34, 0.0], [35, 0.0], [36, 0.0], [37, 0.0], [38, 0.0], [39, 0.0], [40, 0.0], [41, 0.0], [42, 0.0], [43, 0.0], [44, 0.0], [45, 0.0], [46, 0.0], [47, 0.0], [48, 0.0], [49, 0.0], [50, 0.0]]}, "use_wandb": false}