{"losses_distributed": [[1, 0.18301314115524292], [2, 0.09755484158078492], [3, 0.0868786285700114]], "losses_centralized": [[0, 0.2880822898864746], [1, 0.16584546850919724], [2, 0.09672476329952479], [3, 0.08211606875061989], [4, 0.08211606875061989], [5, 0.08211606875061989]], "metrics_distributed_fit": {"train_loss": [[1, 0.3168518191742915], [2, 0.22137428832671802], [3, 0.1679680892457127]], "train_accuracy": [[1, 0.5755524212505877], [2, 0.6895762789420701], [3, 0.76048296518158]]}, "metrics_distributed": {"test_accuracy": [[1, 0.6155157715260017], [2, 0.7084745762711865], [3, 0.7441275167785235]]}, "metrics_centralized": {"test_accuracy": [[0, 0.1149], [1, 0.6178], [2, 0.7111], [3, 0.7605], [4, 0.7605], [5, 0.7605]]}, "use_wandb": false}