{"losses_distributed": [[1, 0.3282856980148627], [2, 0.31096923545915256], [3, 0.28413731662594544], [4, 0.27756056055730705], [5, 0.27217307431357246], [6, 0.2667636411530631], [7, 0.27051389874244225], [8, 0.2612105961965055], [9, 0.2556832714956634], [10, 0.2539846757236792], [11, 0.24934930132359875], [12, 0.24903634981233247], [13, 0.24164111042509273], [14, 0.24626624048972617], [15, 0.22607814249943714], [16, 0.23414352615268863], [17, 0.217642181990098], [18, 0.22828447496404453], [19, 0.22162481065915554], [20, 0.21327536417817583], [21, 0.2286362235035215], [22, 0.2252291518206499], [23, 0.22967265710538748], [24, 0.23672762014427964], [25, 0.22322408722675577], [26, 0.2056190497565026], [27, 0.21305589800586505], [28, 0.23811188367556552], [29, 0.22564163110694108], [30, 0.22368842491081783], [31, 0.2306149849173974], [32, 0.23064605234837046], [33, 0.23478253999230814], [34, 0.2227620099119994], [35, 0.22925830215823895], [36, 0.23702099444914837], [37, 0.23347728504818313], [38, 0.22908479074130253], [39, 0.22186759371234446], [40, 0.23467758734311375], [41, 0.23138705446403854], [42, 0.2575876334644094], [43, 0.2513284032746237], [44, 0.23858481892289557], [45, 0.2619033374272439], [46, 0.24632821914036662], [47, 0.2387804442522477], [48, 0.21935263695005253], [49, 0.24354254395073774], [50, 0.2579259873044734]], "losses_centralized": [[0, 0.2876619910955429], [1, 0.28726382105350495], [2, 0.2702098489046097], [3, 0.24630646320581437], [4, 0.23977306591272354], [5, 0.23508537558317186], [6, 0.2320090792775154], [7, 0.22831216193437576], [8, 0.22547519824504852], [9, 0.22176258527040482], [10, 0.21977638385295867], [11, 0.2160690011739731], [12, 0.21188662462830543], [13, 0.2063113375365734], [14, 0.20130926926136017], [15, 0.19850002789795398], [16, 0.1948395955234766], [17, 0.1923916409164667], [18, 0.19059037517309188], [19, 0.19041484202444553], [20, 0.18805524849295616], [21, 0.18938060873001814], [22, 0.18752007414251565], [23, 0.1876927020072937], [24, 0.18626069440096615], [25, 0.18685621368587016], [26, 0.18565493273735045], [27, 0.18690653129667043], [28, 0.1887020065203309], [29, 0.18891849374249578], [30, 0.1890564971551299], [31, 0.18930774048119783], [32, 0.18983214921653271], [33, 0.19243991655409337], [34, 0.19115636345893144], [35, 0.18979773947745562], [36, 0.19084704419970513], [37, 0.19389347010180355], [38, 0.1942125058606267], [39, 0.19389395186789335], [40, 0.19136150866895915], [41, 0.19355917540863157], [42, 0.19520890052840115], [43, 0.19831336642764508], [44, 0.19860119038000704], [45, 0.20226218175441027], [46, 0.19762636271491646], [47, 0.19465268699321897], [48, 0.20026441885102542], [49, 0.20184757644385098], [50, 0.19814742800798268]], "metrics_distributed_fit": {"train_loss": [[1, 0.5318531699039571], [2, 0.5188643747196771], [3, 0.4922265884601245], [4, 0.4749809154141851], [5, 0.4626247382399002], [6, 0.4551766903858446], [7, 0.44617140734612487], [8, 0.4401271955786224], [9, 0.4310458067926469], [10, 0.4199162172469772], [11, 0.40148303730788854], [12, 0.38491922576224996], [13, 0.36504699894568304], [14, 0.34595942887851794], [15, 0.3327098397336857], [16, 0.3207464338607533], [17, 0.30089372733006214], [18, 0.2865507881159917], [19, 0.2738736141258046], [20, 0.2583518813748787], [21, 0.24206072659158862], [22, 0.2375276374542206], [23, 0.2245907519514211], [24, 0.20990359486151705], [25, 0.1987075355861558], [26, 0.19175185668975037], [27, 0.18204654295567782], [28, 0.16700601449688898], [29, 0.16403397385509527], [30, 0.1558318456090094], [31, 0.14743823368623343], [32, 0.14320678566071357], [33, 0.13562649943731028], [34, 0.1274121605027774], [35, 0.12825656012698514], [36, 0.12179254415574757], [37, 0.11328797707743442], [38, 0.10972536749467716], [39, 0.10524320428898251], [40, 0.10831751834807544], [41, 0.09929161117365276], [42, 0.09237190622089143], [43, 0.0878908071056271], [44, 0.08465918753699697], [45, 0.08069929263881293], [46, 0.08076940756366796], [47, 0.08425361123734719], [48, 0.07586841778270208], [49, 0.06941003950074476], [50, 0.07165608598979203]], "train_accuracy": [[1, 0.18003585032489358], [2, 0.18870461676378306], [3, 0.19224302208272614], [4, 0.21165266106442576], [5, 0.2288306451612903], [6, 0.25005604124635733], [7, 0.27476467951591216], [8, 0.28246243552366], [9, 0.30770954728821154], [10, 0.32829131652661064], [11, 0.3648800179412424], [12, 0.3898722832175667], [13, 0.42144218907704384], [14, 0.46006497143497255], [15, 0.47848498431196773], [16, 0.5056569956312311], [17, 0.5394530374355526], [18, 0.5686120757253277], [19, 0.5906085397287908], [20, 0.6115035317860746], [21, 0.6337144138085631], [22, 0.6380450622127564], [23, 0.6675260621006613], [24, 0.697085201793722], [25, 0.708650829224563], [26, 0.7238479650184998], [27, 0.7367006383693583], [28, 0.7645016797312431], [29, 0.7602195094635458], [30, 0.784801613987895], [31, 0.7949120251036647], [32, 0.7997311827956989], [33, 0.8151138019957395], [34, 0.823483234271616], [35, 0.8227848101265823], [36, 0.8323991031390134], [37, 0.851457399103139], [38, 0.8561666853366192], [39, 0.861643682027133], [40, 0.855668946955254], [41, 0.8696334491648918], [42, 0.8831110613022526], [43, 0.8910170250896058], [44, 0.897165901198611], [45, 0.9024991594755127], [46, 0.9006273806856374], [47, 0.8980506385839122], [48, 0.9105062724014337], [49, 0.915396683101748], [50, 0.9152751316821697]]}, "metrics_distributed": {"test_accuracy": [[1, 0.09591836734693877], [2, 0.11122448979591837], [3, 0.15918367346938775], [4, 0.17653061224489797], [5, 0.2336734693877551], [6, 0.2316326530612245], [7, 0.23877551020408164], [8, 0.2857142857142857], [9, 0.29183673469387755], [10, 0.31326530612244896], [11, 0.3173469387755102], [12, 0.3469387755102041], [13, 0.3673469387755102], [14, 0.39081632653061227], [15, 0.4204081632653061], [16, 0.4142857142857143], [17, 0.45], [18, 0.4316326530612245], [19, 0.46224489795918366], [20, 0.47346938775510206], [21, 0.43979591836734694], [22, 0.4673469387755102], [23, 0.4775510204081633], [24, 0.4826530612244898], [25, 0.5020408163265306], [26, 0.5112244897959184], [27, 0.5040816326530613], [28, 0.49387755102040815], [29, 0.5], [30, 0.49081632653061225], [31, 0.503061224489796], [32, 0.5112244897959184], [33, 0.5071428571428571], [34, 0.5275510204081633], [35, 0.5051020408163265], [36, 0.5061224489795918], [37, 0.5142857142857142], [38, 0.523469387755102], [39, 0.5387755102040817], [40, 0.5193877551020408], [41, 0.5357142857142857], [42, 0.5122448979591837], [43, 0.49795918367346936], [44, 0.5], [45, 0.5163265306122449], [46, 0.5295918367346939], [47, 0.5326530612244897], [48, 0.5551020408163265], [49, 0.536734693877551], [50, 0.5408163265306123]]}, "metrics_centralized": {"test_accuracy": [[0, 0.0966], [1, 0.1], [2, 0.1661], [3, 0.1976], [4, 0.2177], [5, 0.2509], [6, 0.2554], [7, 0.2697], [8, 0.2843], [9, 0.2948], [10, 0.306], [11, 0.3217], [12, 0.3389], [13, 0.3597], [14, 0.3878], [15, 0.4034], [16, 0.4165], [17, 0.4356], [18, 0.4459], [19, 0.4552], [20, 0.4708], [21, 0.4721], [22, 0.484], [23, 0.4881], [24, 0.4956], [25, 0.4992], [26, 0.5042], [27, 0.5083], [28, 0.5164], [29, 0.5138], [30, 0.5191], [31, 0.5263], [32, 0.5274], [33, 0.5248], [34, 0.5328], [35, 0.5286], [36, 0.5313], [37, 0.5364], [38, 0.5386], [39, 0.5355], [40, 0.5402], [41, 0.5392], [42, 0.5453], [43, 0.545], [44, 0.5448], [45, 0.546], [46, 0.5495], [47, 0.5499], [48, 0.5505], [49, 0.5493], [50, 0.5544]]}, "use_wandb": false}