{"losses_distributed": [[1, 0.30328066596514397], [2, 0.3092249839254944], [3, 0.30863911033638064], [4, 0.30441861758466626], [5, 0.30713014612362805], [6, 0.30802828661665427], [7, 0.30668439060808667], [8, 0.3077070060605799], [9, 0.3059537811337566], [10, 0.30524633971394083], [11, 0.3055481014814979], [12, 0.30610021174136287], [13, 0.2993909290504257], [14, 0.30924318837051235], [15, 0.297761054208436], [16, 0.29568695285146757], [17, 0.28818232892465984], [18, 0.28512229522069293], [19, 0.2796864449253932], [20, 0.26967052679795483], [21, 0.2730995246513405], [22, 0.26697516760546197], [23, 0.2719296550264164], [24, 0.26236237812042235], [25, 0.2597612557362537]], "losses_centralized": [[0, 0.2878529378652573], [1, 0.2879133015394211], [2, 0.28791982555389406], [3, 0.28791938438415526], [4, 0.287873783993721], [5, 0.2880136909008026], [6, 0.288604838681221], [7, 0.28857708766460416], [8, 0.28808962156772616], [9, 0.2879027140378952], [10, 0.28712852447032927], [11, 0.286633008480072], [12, 0.28619609398841855], [13, 0.28533128502368926], [14, 0.2863518411159515], [15, 0.2822499008178711], [16, 0.27930359556674955], [17, 0.27488340468406675], [18, 0.2691680292129517], [19, 0.2657180309295654], [20, 0.2591125584959984], [21, 0.2536830138921738], [22, 0.249727599132061], [23, 0.24855620164871217], [24, 0.24896528924703598], [25, 0.2447005607008934]], "metrics_distributed_fit": {"train_loss": [[1, 0.5633687153820642], [2, 0.5627689114525405], [3, 0.5630761869692069], [4, 0.5661350045816965], [5, 0.5566331960019786], [6, 0.5303990039411273], [7, 0.5064723727899211], [8, 0.49494493491669056], [9, 0.5123668286116427], [10, 0.48510673887735833], [11, 0.4993513935495276], [12, 0.4882278588859819], [13, 0.5046940312034228], [14, 0.5001741250794437], [15, 0.48522143863936595], [16, 0.49197033860346473], [17, 0.48107543457640584], [18, 0.484198982975146], [19, 0.46974527968952207], [20, 0.4590125907863993], [21, 0.46806409592365117], [22, 0.44868366592493486], [23, 0.4440719925399038], [24, 0.43268096153680485], [25, 0.4407566464953192]], "train_accuracy": [[1, 0.2743812860210193], [2, 0.2615773842261577], [3, 0.25059101654846333], [4, 0.2212182061579652], [5, 0.2689852520360995], [6, 0.2910855740265536], [7, 0.28008157715839566], [8, 0.27960709900658554], [9, 0.2511821661787886], [10, 0.30624223953042107], [11, 0.28566576086956524], [12, 0.2927181767648694], [13, 0.26498002663115844], [14, 0.29302736098852605], [15, 0.32288228822882287], [16, 0.31362325271799424], [17, 0.3233099706081845], [18, 0.33359648133528813], [19, 0.3652193577566712], [20, 0.36347298663371896], [21, 0.34721598563089356], [22, 0.3800111669458403], [23, 0.3844856661045531], [24, 0.404401194293929], [25, 0.38179347826086957]]}, "metrics_distributed": {"test_accuracy": [[1, 0.07810894141829394], [2, 0.12207527975584945], [3, 0.09274193548387097], [4, 0.10553278688524591], [5, 0.07934893184130214], [6, 0.13021363173957273], [7, 0.08734939759036145], [8, 0.14852492370295015], [9, 0.16089613034623218], [10, 0.13217213114754098], [11, 0.08655804480651731], [12, 0.08154943934760449], [13, 0.1331945889698231], [14, 0.14969450101832993], [15, 0.1949238578680203], [16, 0.1674975074775673], [17, 0.1590909090909091], [18, 0.19047619047619047], [19, 0.19534412955465588], [20, 0.2246153846153846], [21, 0.23417085427135678], [22, 0.24407826982492276], [23, 0.2173469387755102], [24, 0.272], [25, 0.2571428571428571]]}, "metrics_centralized": {"test_accuracy": [[0, 0.1], [1, 0.1], [2, 0.1], [3, 0.1], [4, 0.1002], [5, 0.1], [6, 0.1382], [7, 0.1], [8, 0.101], [9, 0.1462], [10, 0.1251], [11, 0.1147], [12, 0.1003], [13, 0.1782], [14, 0.1238], [15, 0.1713], [16, 0.1595], [17, 0.1624], [18, 0.196], [19, 0.2223], [20, 0.2232], [21, 0.2473], [22, 0.2696], [23, 0.2554], [24, 0.2423], [25, 0.2652]]}, "use_wandb": false}