{"losses_distributed": [[1, 0.32027657275297206], [2, 0.3116361219055799], [3, 0.3085649512252029], [4, 0.2936169981956482], [5, 0.2906068492908867], [6, 0.27634184652445265], [7, 0.2784096236131629], [8, 0.2762604402036083], [9, 0.2794383053876916], [10, 0.26726761667095883], [11, 0.263947509502878], [12, 0.2592454856755782], [13, 0.2553234316864792], [14, 0.2582015022939565], [15, 0.24627545585437696], [16, 0.25086477119095474], [17, 0.2396216207621049], [18, 0.23650053447606612], [19, 0.24100405658994403], [20, 0.23772948396449187], [21, 0.22878478473546554], [22, 0.24001562425068446], [23, 0.2204117790776856], [24, 0.23231631444425], [25, 0.217856044307047], [26, 0.2203838945651541], [27, 0.21107711755499547], [28, 0.21715871752524862], [29, 0.21968598195484706], [30, 0.2336154741900308], [31, 0.22209164390758593], [32, 0.21243554171250792], [33, 0.21480061132080702], [34, 0.2143725561852358], [35, 0.21731435729532825], [36, 0.20941218928414948], [37, 0.21025484642203973], [38, 0.2118745191973083], [39, 0.2144126141557888], [40, 0.205254157100405], [41, 0.21294584760860522], [42, 0.1986993031842368], [43, 0.19077075938789212], [44, 0.20654144919648462], [45, 0.2008757011014588], [46, 0.1981535814246353], [47, 0.1858892041809705], [48, 0.20758602363722664], [49, 0.2065652499393541], [50, 0.20406448561318066]], "losses_centralized": [[0, 0.28809124541282655], [1, 0.2778188586950302], [2, 0.2712093402266502], [3, 0.26062736443281176], [4, 0.25097842482328414], [5, 0.2483378715634346], [6, 0.2411889701485634], [7, 0.23510174318552018], [8, 0.23266324685811995], [9, 0.22920383356809615], [10, 0.2220979436159134], [11, 0.22180847792625427], [12, 0.21623435144424438], [13, 0.21356627510786055], [14, 0.2090938842535019], [15, 0.20762534343600272], [16, 0.20560940756201745], [17, 0.20299336483478547], [18, 0.2002204193174839], [19, 0.19693240191936492], [20, 0.19583818994164467], [21, 0.1933145588338375], [22, 0.19259586126208306], [23, 0.1893018963396549], [24, 0.18864153510332107], [25, 0.18894867616295816], [26, 0.18432547021508217], [27, 0.1840024239718914], [28, 0.1827979825913906], [29, 0.18200030663013458], [30, 0.17979925624132156], [31, 0.18041294963955878], [32, 0.1783704578280449], [33, 0.17701383728981018], [34, 0.17478231920003892], [35, 0.17455487921237944], [36, 0.17300279710292815], [37, 0.1728856343239546], [38, 0.17188304687440395], [39, 0.1716874384403229], [40, 0.17060533551573753], [41, 0.1704548864364624], [42, 0.16809606948196887], [43, 0.16832976117134094], [44, 0.16568112936913967], [45, 0.16626080872118473], [46, 0.1640802436321974], [47, 0.16478461944460868], [48, 0.16552783196866513], [49, 0.16357108840048312], [50, 0.16282688093185424]], "metrics_distributed_fit": {"train_loss": [[1, 0.5733316542854925], [2, 0.5592749890410749], [3, 0.5452920597807694], [4, 0.5332456669714943], [5, 0.5234031165366241], [6, 0.5152482018333548], [7, 0.503314159662883], [8, 0.4976837656151097], [9, 0.49019158327476603], [10, 0.48232023095322246], [11, 0.47978279596135537], [12, 0.47502634036178387], [13, 0.46677453127716056], [14, 0.4612059457234478], [15, 0.4578993084715841], [16, 0.45255151711031877], [17, 0.4485796428235753], [18, 0.4396480893557205], [19, 0.43865137833327483], [20, 0.4350322592695367], [21, 0.4318410970993894], [22, 0.42781983992389944], [23, 0.4238073686426909], [24, 0.4194961707604727], [25, 0.4177273776614308], [26, 0.4118835308856893], [27, 0.4094255426673077], [28, 0.4073639022225852], [29, 0.40108001459263426], [30, 0.399826202270576], [31, 0.4028455032704591], [32, 0.3959630201036119], [33, 0.39465100591016905], [34, 0.394487812683305], [35, 0.38600278750335865], [36, 0.38597466721571333], [37, 0.3923089671160315], [38, 0.38490062516854295], [39, 0.3821418930001984], [40, 0.3817526232870687], [41, 0.3804573597756418], [42, 0.37986287746715747], [43, 0.37600887271769573], [44, 0.36859747868937237], [45, 0.37462337082601715], [46, 0.3700551701929806], [47, 0.3696999651505535], [48, 0.36600569932583976], [49, 0.3613343439478377], [50, 0.36267208319119815]], "train_accuracy": [[1, 0.122227201434013], [2, 0.15371678439286915], [3, 0.16610663082437277], [4, 0.19049220764659716], [5, 0.20463969516978595], [6, 0.22382711902362556], [7, 0.23871906841339155], [8, 0.24523649405962789], [9, 0.25467996861338416], [10, 0.2721667974442327], [11, 0.2751933639726488], [12, 0.2787362760475017], [13, 0.3024532317687913], [14, 0.30814931061540185], [15, 0.3199955167002914], [16, 0.3292983635956064], [17, 0.3315028577832568], [18, 0.3459556352229442], [19, 0.3527105734767025], [20, 0.35205110961667785], [21, 0.3561259948436274], [22, 0.36847412054671747], [23, 0.37218424296761177], [24, 0.38447754507783627], [25, 0.38155535634244736], [26, 0.3925128894866622], [27, 0.39562780269058295], [28, 0.397175837722739], [29, 0.4162277261010871], [30, 0.4178903710346374], [31, 0.4077310924369748], [32, 0.417152466367713], [33, 0.4230338337441183], [34, 0.4158360398700862], [35, 0.4377451529754567], [36, 0.43471926482124845], [37, 0.42625153992608356], [38, 0.4298992161254199], [39, 0.44209229390681004], [40, 0.44], [41, 0.44398340248962653], [42, 0.4444942309846533], [43, 0.453679847653187], [44, 0.46230536574437103], [45, 0.4538625406435699], [46, 0.45904761904761904], [47, 0.4663827879874496], [48, 0.47119479937233805], [49, 0.47612107623318384], [50, 0.4732362821948488]]}, "metrics_distributed": {"test_accuracy": [[1, 0.1469387755102041], [2, 0.1673469387755102], [3, 0.17142857142857143], [4, 0.23061224489795917], [5, 0.2571428571428571], [6, 0.3020408163265306], [7, 0.2816326530612245], [8, 0.2755102040816326], [9, 0.2938775510204082], [10, 0.3224489795918367], [11, 0.32653061224489793], [12, 0.36122448979591837], [13, 0.3448979591836735], [14, 0.363265306122449], [15, 0.40408163265306124], [16, 0.3408163265306122], [17, 0.363265306122449], [18, 0.4204081632653061], [19, 0.39591836734693875], [20, 0.4142857142857143], [21, 0.40408163265306124], [22, 0.373469387755102], [23, 0.43673469387755104], [24, 0.4142857142857143], [25, 0.45918367346938777], [26, 0.43673469387755104], [27, 0.47346938775510206], [28, 0.4489795918367347], [29, 0.42653061224489797], [30, 0.41836734693877553], [31, 0.42653061224489797], [32, 0.4326530612244898], [33, 0.4489795918367347], [34, 0.5020408163265306], [35, 0.47959183673469385], [36, 0.45714285714285713], [37, 0.4714285714285714], [38, 0.5081632653061224], [39, 0.45918367346938777], [40, 0.47551020408163264], [41, 0.45510204081632655], [42, 0.4959183673469388], [43, 0.5183673469387755], [44, 0.4897959183673469], [45, 0.5346938775510204], [46, 0.5163265306122449], [47, 0.5469387755102041], [48, 0.4857142857142857], [49, 0.5163265306122449], [50, 0.5102040816326531]]}, "metrics_centralized": {"test_accuracy": [[0, 0.0973], [1, 0.1719], [2, 0.1867], [3, 0.1992], [4, 0.2698], [5, 0.2723], [6, 0.283], [7, 0.2992], [8, 0.3155], [9, 0.3314], [10, 0.335], [11, 0.3533], [12, 0.3697], [13, 0.3815], [14, 0.3927], [15, 0.4026], [16, 0.4013], [17, 0.406], [18, 0.4168], [19, 0.4238], [20, 0.4324], [21, 0.4343], [22, 0.4393], [23, 0.4502], [24, 0.4459], [25, 0.4527], [26, 0.4556], [27, 0.4621], [28, 0.4673], [29, 0.466], [30, 0.4715], [31, 0.4719], [32, 0.4758], [33, 0.4818], [34, 0.4939], [35, 0.4915], [36, 0.4976], [37, 0.4967], [38, 0.4979], [39, 0.4956], [40, 0.5046], [41, 0.5009], [42, 0.5138], [43, 0.5105], [44, 0.52], [45, 0.5201], [46, 0.525], [47, 0.5246], [48, 0.5117], [49, 0.5208], [50, 0.5261]]}, "use_wandb": false}