{"losses_distributed": [[1, 0.2435254160630501], [2, 0.09450237719436823], [3, 0.08888324755480734], [4, 0.07011421288726694], [5, 0.07078032371098712], [6, 0.07010537840236547], [7, 0.0656547312198554], [8, 0.06054169813770864], [9, 0.06498944311702655], [10, 0.057170204133174175], [11, 0.06418742880982868], [12, 0.05495135972150049], [13, 0.055694610843340216], [14, 0.05597894467902764], [15, 0.05410870102123689], [16, 0.051871342778647855], [17, 0.059385382134656786], [18, 0.05193840053437625], [19, 0.04991417510150853], [20, 0.0565265431479251], [21, 0.053856800090900415], [22, 0.05317466597120136], [23, 0.05445393200458611], [24, 0.0528301113742893], [25, 0.050310667131443394], [26, 0.059386575302519534], [27, 0.054976111304772604], [28, 0.05117219190776222], [29, 0.052747205234432624], [30, 0.04984211198890866], [31, 0.05032558814796098], [32, 0.04889456501104317], [33, 0.05189455010754577], [34, 0.05225151356278082], [35, 0.04955958497742096], [36, 0.046918430998605695], [37, 0.04689726953363141], [38, 0.05013491374803549], [39, 0.045615631779971515], [40, 0.048223637818295695], [41, 0.04865281926389089], [42, 0.04901556696237649], [43, 0.0484750739440827], [44, 0.05024716421267239], [45, 0.049692839451165774], [46, 0.049628839918838465], [47, 0.04930363084521081], [48, 0.04996408326867021], [49, 0.04843121768701506], [50, 0.0511361696082562]], "losses_centralized": [[0, 0.2883074324131012], [1, 0.22397746175527572], [2, 0.08333105103224515], [3, 0.07739248339682818], [4, 0.06932443207819015], [5, 0.06669986370559781], [6, 0.06393408125527203], [7, 0.06056091821882874], [8, 0.05893616042993963], [9, 0.05855994892213494], [10, 0.05640279116220772], [11, 0.05603545064944774], [12, 0.05439881294835359], [13, 0.05357005313448608], [14, 0.052636724377051], [15, 0.05269475807715207], [16, 0.05223952157068998], [17, 0.05119653502162546], [18, 0.050479239330533894], [19, 0.05000047642542049], [20, 0.04965356988422573], [21, 0.04967126311212778], [22, 0.049591676965169605], [23, 0.04955053918156773], [24, 0.04888040569806471], [25, 0.048685479862522335], [26, 0.04916256044972688], [27, 0.048464884369447826], [28, 0.04864542080992833], [29, 0.04749913375731558], [30, 0.04736904136841186], [31, 0.04699309003716335], [32, 0.04742811807822436], [33, 0.04717062328895554], [34, 0.04757371600465849], [35, 0.04649925423865207], [36, 0.04678883553957566], [37, 0.04627341150408611], [38, 0.04621933510098606], [39, 0.046114526925468816], [40, 0.04584951827423647], [41, 0.04587027258332819], [42, 0.04639831084106118], [43, 0.045807715245941655], [44, 0.046009401147719474], [45, 0.045069676346192133], [46, 0.045397450494067744], [47, 0.04573734618090093], [48, 0.04556704736081883], [49, 0.045739221295807514], [50, 0.045237721809232606]], "metrics_distributed_fit": {"train_loss": [[1, 0.3376621234160687], [2, 0.23207000950277512], [3, 0.18646401765153994], [4, 0.17144030735421165], [5, 0.15942623969486744], [6, 0.15019789141982587], [7, 0.1445639670295152], [8, 0.13865747815296411], [9, 0.1364496366784275], [10, 0.13314640986110302], [11, 0.1317084563298846], [12, 0.1278456640101457], [13, 0.12455890088718816], [14, 0.12274117001634365], [15, 0.12172202839285336], [16, 0.11994587310723187], [17, 0.11734895002157271], [18, 0.11702583853496751], [19, 0.11571660813610855], [20, 0.11174507535850345], [21, 0.11122933307465925], [22, 0.10811041441094862], [23, 0.11340344010010632], [24, 0.11305043611971759], [25, 0.11039601265742911], [26, 0.10890684263627406], [27, 0.10538548916908616], [28, 0.10674964247790747], [29, 0.10657358556007682], [30, 0.10772573160238434], [31, 0.1077673223559168], [32, 0.10526943450156385], [33, 0.1040457070342227], [34, 0.10441471872604799], [35, 0.10126609886690202], [36, 0.10606838612654755], [37, 0.10450856606146829], [38, 0.10587413065122286], [39, 0.1011510731087784], [40, 0.10279066715297944], [41, 0.1023036535105447], [42, 0.10193796667635445], [43, 0.10181638837702328], [44, 0.10087195400873873], [45, 0.09877607762358401], [46, 0.10317015823540077], [47, 0.10266397763667777], [48, 0.09892962402136737], [49, 0.09918882432771703], [50, 0.09735046631554131]], "train_accuracy": [[1, 0.517160977429584], [2, 0.6625932835820896], [3, 0.7219371092656527], [4, 0.7475519910472815], [5, 0.7635261194029851], [6, 0.7790220231429638], [7, 0.7867873472053747], [8, 0.7985450475657526], [9, 0.809839432412248], [10, 0.8058587554809217], [11, 0.8130945719082261], [12, 0.8174862368200057], [13, 0.8221517215638705], [14, 0.8299598918011379], [15, 0.8337063980600634], [16, 0.8271581894540364], [17, 0.8340794627867935], [18, 0.8344840455308826], [19, 0.8333488762473188], [20, 0.8431116500326462], [21, 0.8432835820895522], [22, 0.8475097929490767], [23, 0.8419333768778576], [24, 0.8393356969583877], [25, 0.8458092215792421], [26, 0.8498927138725627], [27, 0.8522801454816749], [28, 0.8444382232176185], [29, 0.8492818504010445], [30, 0.8514786827129397], [31, 0.8465341916223529], [32, 0.8514786827129397], [33, 0.8508256367198432], [34, 0.8528615442068901], [35, 0.8571028821938252], [36, 0.8500279798545047], [37, 0.8563030698889614], [38, 0.8482217866143937], [39, 0.8613676648941132], [40, 0.8571162096623764], [41, 0.8555161470972559], [42, 0.8552901660757604], [43, 0.853478828576758], [44, 0.8566097583729826], [45, 0.8609117180945278], [46, 0.8615542494635694], [47, 0.8542774512547813], [48, 0.8625676432170181], [49, 0.8600205166464608], [50, 0.8635133874428584]]}, "metrics_distributed": {"test_accuracy": [[1, 0.673728813559322], [2, 0.7542372881355932], [3, 0.7711864406779662], [4, 0.8161016949152542], [5, 0.8194915254237288], [6, 0.8059322033898305], [7, 0.8279661016949152], [8, 0.8466101694915255], [9, 0.8338983050847457], [10, 0.8593220338983051], [11, 0.8254237288135593], [12, 0.8516949152542372], [13, 0.8525423728813559], [14, 0.8550847457627119], [15, 0.8423728813559322], [16, 0.8533898305084746], [17, 0.8432203389830508], [18, 0.8601694915254238], [19, 0.8627118644067797], [20, 0.8542372881355932], [21, 0.8525423728813559], [22, 0.8567796610169491], [23, 0.8567796610169491], [24, 0.8576271186440678], [25, 0.8686440677966102], [26, 0.8338983050847457], [27, 0.8457627118644068], [28, 0.8601694915254238], [29, 0.8533898305084746], [30, 0.8601694915254238], [31, 0.8711864406779661], [32, 0.8694915254237288], [33, 0.8677966101694915], [34, 0.8703389830508474], [35, 0.8737288135593221], [36, 0.8830508474576271], [37, 0.8762711864406779], [38, 0.8703389830508474], [39, 0.8779661016949153], [40, 0.8830508474576271], [41, 0.8694915254237288], [42, 0.8830508474576271], [43, 0.8762711864406779], [44, 0.8593220338983051], [45, 0.8737288135593221], [46, 0.8703389830508474], [47, 0.8703389830508474], [48, 0.8686440677966102], [49, 0.8813559322033898], [50, 0.8745762711864407]]}, "metrics_centralized": {"test_accuracy": [[0, 0.0997], [1, 0.6835], [2, 0.7572], [3, 0.7683], [4, 0.7943], [5, 0.8028], [6, 0.8083], [7, 0.8271], [8, 0.83], [9, 0.8333], [10, 0.8395], [11, 0.8397], [12, 0.8442], [13, 0.8484], [14, 0.8471], [15, 0.8483], [16, 0.8511], [17, 0.8547], [18, 0.8536], [19, 0.8551], [20, 0.8589], [21, 0.8584], [22, 0.8584], [23, 0.8604], [24, 0.8613], [25, 0.8637], [26, 0.8597], [27, 0.8612], [28, 0.8607], [29, 0.8648], [30, 0.8641], [31, 0.8645], [32, 0.8653], [33, 0.8648], [34, 0.8628], [35, 0.866], [36, 0.8686], [37, 0.868], [38, 0.87], [39, 0.8688], [40, 0.8702], [41, 0.8689], [42, 0.8682], [43, 0.871], [44, 0.8657], [45, 0.8709], [46, 0.8683], [47, 0.8717], [48, 0.8699], [49, 0.868], [50, 0.8716]]}, "use_wandb": false}