{"losses_distributed": [[1, 0.1775942558370283], [2, 0.09604400406449529], [3, 0.08741763705894001], [4, 0.0771643066843663], [5, 0.07067437858982915]], "losses_centralized": [[0, 0.28808304002285], [1, 0.16047413595318794], [2, 0.0952884946346283], [3, 0.08175887194573879], [4, 0.0749135706871748], [5, 0.06989719190187753]], "metrics_distributed_fit": {"train_loss": [[1, 0.3128250549398065], [2, 0.2154237804790608], [3, 0.16582942103288606], [4, 0.15937350645672188], [5, 0.13791084969315426]], "train_accuracy": [[1, 0.5815702867889045], [2, 0.6953418138555871], [3, 0.7631037064769749], [4, 0.7730819245773732], [5, 0.791651409740022]]}, "metrics_distributed": {"test_accuracy": [[1, 0.6035805626598465], [2, 0.7177966101694915], [3, 0.7323825503355704], [4, 0.784197111299915], [5, 0.8042194092827004]]}, "metrics_centralized": {"test_accuracy": [[0, 0.1001], [1, 0.6201], [2, 0.7116], [3, 0.758], [4, 0.7765], [5, 0.791]]}, "use_wandb": false}