{"losses_distributed": [[1, 0.3138550850809837], [2, 0.29226056495491337], [3, 0.26889810562133787], [4, 0.24868674710088848], [5, 0.24474271985949303], [6, 0.22720061145266707], [7, 0.21997382263748014], [8, 0.21225559614142592], [9, 0.20699190752846855], [10, 0.21195012382706818], [11, 0.20038425703437962], [12, 0.20824081324497049], [13, 0.21581722491857958], [14, 0.21151055042840997], [15, 0.21887155156202462], [16, 0.22870078033634594], [17, 0.20913539583965832], [18, 0.2583704571030578], [19, 0.23309630638235534], [20, 0.21805580747218764], [21, 0.23120112499146134], [22, 0.226281019691758], [23, 0.24076225417000907], [24, 0.22858096984267348], [25, 0.2254064060994709], [26, 0.1861962841424559], [27, 0.21825781162847213], [28, 0.22157814612669147], [29, 0.21901479603874743], [30, 0.23515785426775715], [31, 0.20537251956304725], [32, 0.21992828148056048], [33, 0.21865332248782246], [34, 0.21077994836199723], [35, 0.2329688902507175], [36, 0.22792023858910768], [37, 0.2246550431627096], [38, 0.2029448245115084], [39, 0.19847437204622037], [40, 0.21720906026680403], [41, 0.20683790816122438], [42, 0.23220055046282254], [43, 0.2141394758535245], [44, 0.19865593615805313], [45, 0.2248009521210072], [46, 0.21755491932378893], [47, 0.20787345495702206], [48, 0.1846875043177255], [49, 0.21751893224213653], [50, 0.20825878811277906]], "losses_centralized": [[0, 0.28781300945281985], [1, 0.27304075244665144], [2, 0.2481511826992035], [3, 0.22942688131332398], [4, 0.21378792210817338], [5, 0.2001644998550415], [6, 0.1911993193745613], [7, 0.18435484016537668], [8, 0.17980389082431794], [9, 0.17674113573431968], [10, 0.17406953831017016], [11, 0.17334690769016742], [12, 0.17646418465375902], [13, 0.1761658244639635], [14, 0.17746546281278133], [15, 0.18452907497286797], [16, 0.1832211155578494], [17, 0.18445110402330755], [18, 0.1879226291336119], [19, 0.19295556981116532], [20, 0.19212836662828922], [21, 0.1911068180669099], [22, 0.18902690943218767], [23, 0.18982044882960616], [24, 0.18430306557118892], [25, 0.18459984117411077], [26, 0.18377897777482868], [27, 0.18336869920790194], [28, 0.18276668245643377], [29, 0.18030549805406482], [30, 0.1807595038086176], [31, 0.18179044758100063], [32, 0.1787663818974048], [33, 0.176051730832085], [34, 0.17728208970576526], [35, 0.1736004632860422], [36, 0.17198726492114366], [37, 0.1732037095475942], [38, 0.17203039609715343], [39, 0.170465601612255], [40, 0.1690047491611913], [41, 0.16895080245863647], [42, 0.16929444305505603], [43, 0.16728428197950124], [44, 0.16897324074804781], [45, 0.16810143023077398], [46, 0.16542985619679093], [47, 0.1626467201590538], [48, 0.1636970943665132], [49, 0.1649197569573298], [50, 0.16254549246560782]], "metrics_distributed_fit": {"train_loss": [[1, 0.5502556724823993], [2, 0.5052384117201592], [3, 0.4584268659784206], [4, 0.41974391401648853], [5, 0.3826842017999206], [6, 0.3488197920952937], [7, 0.317654054800607], [8, 0.290830763640439], [9, 0.2591501739517302], [10, 0.2286778412083117], [11, 0.19151822380666428], [12, 0.1537758657593366], [13, 0.1224420815016926], [14, 0.09653495232571199], [15, 0.06995914690115634], [16, 0.05385821143859158], [17, 0.044829015193353215], [18, 0.02994078483645462], [19, 0.019375698928445234], [20, 0.0128143910891951], [21, 0.012236804197717423], [22, 0.008602156366454464], [23, 0.007647202435729446], [24, 0.009105308882133801], [25, 0.005310003230659938], [26, 0.006468232417753286], [27, 0.0037815480161605478], [28, 0.00338361902969681], [29, 0.003472679090160331], [30, 0.0029804081880145106], [31, 0.00286459036796606], [32, 0.0023695088560188485], [33, 0.0028526058243674153], [34, 0.00230281767218619], [35, 0.0024824415389784727], [36, 0.0022574887191307417], [37, 0.0022972964159708423], [38, 0.0021945586242651536], [39, 0.002021886143709798], [40, 0.0022825469206142726], [41, 0.001996508895688307], [42, 0.001964131367786221], [43, 0.0019462654140755483], [44, 0.0017778316473636886], [45, 0.0017533079385215471], [46, 0.0018141653507214633], [47, 0.0018560175132963058], [48, 0.0015964712065596844], [49, 0.001568987810266892], [50, 0.001639953728594214]], "train_accuracy": [[1, 0.18686981850773024], [2, 0.249327655759749], [3, 0.32361842842730637], [4, 0.37523809523809526], [5, 0.433915770609319], [6, 0.4820668011656579], [7, 0.5364186463469296], [8, 0.5705315093070195], [9, 0.6205737337516809], [10, 0.6707002801120449], [11, 0.7231442027360395], [12, 0.7880349540667713], [13, 0.8376135471571157], [14, 0.8736417609499272], [15, 0.9194307485432541], [16, 0.9430939845412792], [17, 0.9550549204214301], [18, 0.9760277808894365], [19, 0.9885688669729912], [20, 0.9946182307433569], [21, 0.9931629679444071], [22, 0.9976460038112319], [23, 0.998654859320704], [24, 0.9958520179372198], [25, 0.9992155983863739], [26, 0.9971969951788318], [27, 0.9995520215029678], [28, 0.9998880179171332], [29, 0.9995520215029678], [30, 1.0], [31, 0.9995517202734506], [32, 1.0], [33, 0.9993272788429196], [34, 0.9998878546596389], [35, 0.9997759605690602], [36, 1.0], [37, 0.9996636771300449], [38, 1.0], [39, 0.9997757596143065], [40, 0.9997757093192778], [41, 0.999887904943392], [42, 1.0], [43, 1.0], [44, 1.0], [45, 1.0], [46, 0.9998879677347076], [47, 1.0], [48, 1.0], [49, 1.0], [50, 1.0]]}, "metrics_distributed": {"test_accuracy": [[1, 0.20918367346938777], [2, 0.23673469387755103], [3, 0.2826530612244898], [4, 0.32755102040816325], [5, 0.3846938775510204], [6, 0.4], [7, 0.44693877551020406], [8, 0.4969387755102041], [9, 0.4806122448979592], [10, 0.5102040816326531], [11, 0.5316326530612245], [12, 0.5265306122448979], [13, 0.5204081632653061], [14, 0.5591836734693878], [15, 0.5448979591836735], [16, 0.5459183673469388], [17, 0.5438775510204081], [18, 0.5459183673469388], [19, 0.563265306122449], [20, 0.5795918367346938], [21, 0.573469387755102], [22, 0.5744897959183674], [23, 0.6122448979591837], [24, 0.6091836734693877], [25, 0.6051020408163266], [26, 0.6142857142857143], [27, 0.5979591836734693], [28, 0.6112244897959184], [29, 0.6224489795918368], [30, 0.5826530612244898], [31, 0.6326530612244898], [32, 0.5989795918367347], [33, 0.6030612244897959], [34, 0.613265306122449], [35, 0.5989795918367347], [36, 0.6346938775510204], [37, 0.5867346938775511], [38, 0.6234693877551021], [39, 0.6193877551020408], [40, 0.6326530612244898], [41, 0.6510204081632653], [42, 0.6214285714285714], [43, 0.6265306122448979], [44, 0.613265306122449], [45, 0.610204081632653], [46, 0.6387755102040816], [47, 0.6030612244897959], [48, 0.6408163265306123], [49, 0.6448979591836734], [50, 0.6551020408163265]]}, "metrics_centralized": {"test_accuracy": [[0, 0.1315], [1, 0.2123], [2, 0.2637], [3, 0.3055], [4, 0.3552], [5, 0.4106], [6, 0.4357], [7, 0.4612], [8, 0.4767], [9, 0.4928], [10, 0.5056], [11, 0.5149], [12, 0.5193], [13, 0.5419], [14, 0.5428], [15, 0.5522], [16, 0.564], [17, 0.5698], [18, 0.5725], [19, 0.5782], [20, 0.5906], [21, 0.5935], [22, 0.5913], [23, 0.6035], [24, 0.6088], [25, 0.6151], [26, 0.6148], [27, 0.617], [28, 0.6195], [29, 0.6234], [30, 0.6243], [31, 0.6254], [32, 0.6274], [33, 0.6278], [34, 0.6336], [35, 0.6326], [36, 0.6337], [37, 0.6361], [38, 0.6369], [39, 0.6393], [40, 0.6409], [41, 0.6421], [42, 0.6405], [43, 0.6446], [44, 0.6437], [45, 0.6456], [46, 0.6458], [47, 0.6524], [48, 0.6531], [49, 0.6543], [50, 0.6548]]}, "use_wandb": false}