{"losses_distributed": [[1, 0.2691186045543414], [2, 0.09925963656376983], [3, 0.08704420703778906], [4, 0.07597465036411595], [5, 0.07433999954479184]], "losses_centralized": [[0, 0.28839617836475373], [1, 0.24887181261777877], [2, 0.09974544133841991], [3, 0.08179138083681464], [4, 0.074512616828084], [5, 0.07254147078841924]], "metrics_distributed_fit": {"train_loss": [[1, 0.26032512111137096], [2, 0.21210611861218712], [3, 0.1657615307484994], [4, 0.15805394817385868], [5, 0.1415520027636914]], "train_accuracy": [[1, 0.6664786083685943], [2, 0.7093438272169854], [3, 0.7675028079371022], [4, 0.776332899869961], [5, 0.7923837422189675]]}, "metrics_distributed": {"test_accuracy": [[1, 0.6231884057971014], [2, 0.7322033898305085], [3, 0.735738255033557], [4, 0.7807986406117248], [5, 0.7915611814345992]]}, "metrics_centralized": {"test_accuracy": [[0, 0.0576], [1, 0.6481], [2, 0.7261], [3, 0.76], [4, 0.7724], [5, 0.7839]]}, "use_wandb": false}