{"losses_distributed": [[1, 0.3134981697919417], [2, 0.29204171737846063], [3, 0.2679562674493206], [4, 0.24845227331531292], [5, 0.24557835356313354], [6, 0.22693607326673002], [7, 0.21840027284865476], [8, 0.21115549772369618], [9, 0.20551836381153185], [10, 0.2129185207340182], [11, 0.2009488474045481], [12, 0.21648956401919833], [13, 0.22980386865686397], [14, 0.21211891749075482], [15, 0.21704162223530668], [16, 0.23199141892243405], [17, 0.21329181142607515], [18, 0.2577312963273452], [19, 0.24349730439693193], [20, 0.21309403922712924], [21, 0.23252389033952234], [22, 0.23685840271717432], [23, 0.2477603576469178]], "losses_centralized": [[0, 0.2877345387458801], [1, 0.2735525938630104], [2, 0.24778771979808809], [3, 0.22825856523513793], [4, 0.21322275815606118], [5, 0.19989643645882607], [6, 0.19019949734210967], [7, 0.18333581679463387], [8, 0.17883638188242912], [9, 0.1762092664361], [10, 0.17373488044440746], [11, 0.17363993283361195], [12, 0.1764589121311903], [13, 0.17797586218565703], [14, 0.17885612854212524], [15, 0.18107023077756165], [16, 0.18572487214133143], [17, 0.1876749105423689], [18, 0.1923530511751771], [19, 0.19472422593459487], [20, 0.19418107542917132], [21, 0.19787326307967304], [22, 0.1936004297941923], [23, 0.19349959289319812]], "metrics_distributed_fit": {"train_loss": [[1, 0.5516161174884218], [2, 0.5042412949751868], [3, 0.45504034934537235], [4, 0.4186763220875203], [5, 0.3814336610190223], [6, 0.3463059254132614], [7, 0.3127729784445157], [8, 0.2842032631579724], [9, 0.25025103058071546], [10, 0.22045640837912467], [11, 0.185584488981488], [12, 0.146956531110007], [13, 0.11917418320376576], [14, 0.0957272520147567], [15, 0.07037369541811654], [16, 0.05202480804834377], [17, 0.04656059138229169], [18, 0.02922672388855918], [19, 0.022691118476080942], [20, 0.015949238363848765], [21, 0.011810586311167909], [22, 0.009750144154763267], [23, 0.009092039870637416]], "train_accuracy": [[1, 0.18126820524311002], [2, 0.2557149260421336], [3, 0.33068041699361056], [4, 0.3792717086834734], [5, 0.4308915770609319], [6, 0.4837480385563775], [7, 0.5355221873599283], [8, 0.5842117066606862], [9, 0.6330121021963245], [10, 0.6838095238095238], [11, 0.7327876205427226], [12, 0.8025991485547838], [13, 0.8380621285185601], [14, 0.8765542735521452], [15, 0.915396683101748], [16, 0.9424218662484597], [17, 0.9521407756108495], [18, 0.9745715245883275], [19, 0.9820688109380253], [20, 0.9909182643794148], [21, 0.9941717103788388], [22, 0.9970855285281919], [23, 0.9965250532451518]]}, "metrics_distributed": {"test_accuracy": [[1, 0.17448979591836736], [2, 0.24081632653061225], [3, 0.2969387755102041], [4, 0.3326530612244898], [5, 0.3846938775510204], [6, 0.4061224489795918], [7, 0.46224489795918366], [8, 0.49795918367346936], [9, 0.48367346938775513], [10, 0.5071428571428571], [11, 0.5275510204081633], [12, 0.5183673469387755], [13, 0.5102040816326531], [14, 0.5479591836734694], [15, 0.5520408163265306], [16, 0.539795918367347], [17, 0.5428571428571428], [18, 0.5357142857142857], [19, 0.560204081632653], [20, 0.5775510204081633], [21, 0.576530612244898], [22, 0.5806122448979592], [23, 0.5877551020408164]]}, "metrics_centralized": {"test_accuracy": [[0, 0.115], [1, 0.1839], [2, 0.2646], [3, 0.3077], [4, 0.3577], [5, 0.4096], [6, 0.4354], [7, 0.4646], [8, 0.4829], [9, 0.5003], [10, 0.5082], [11, 0.5156], [12, 0.525], [13, 0.5396], [14, 0.5468], [15, 0.5511], [16, 0.5668], [17, 0.5672], [18, 0.574], [19, 0.5782], [20, 0.5805], [21, 0.5891], [22, 0.5907], [23, 0.5981]]}, "use_wandb": false}