{"losses_distributed": [[1, 0.26451941229599923], [2, 0.10094786634889699], [3, 0.08524943639339892], [4, 0.07565115498317154], [5, 0.07326293947437448], [6, 0.07368728351989914], [7, 0.07063501257367556], [8, 0.06444890067275262], [9, 0.06659340576766841], [10, 0.05954207867266949], [11, 0.06490607768538349], [12, 0.05661759114776723], [13, 0.050264483356736535], [14, 0.054851794571338874], [15, 0.05442204965556206], [16, 0.062248582706231674], [17, 0.050801283222564435], [18, 0.051800400914474125], [19, 0.05575948495662482], [20, 0.05161573327346721], [21, 0.053624419907581385], [22, 0.04604311475181731], [23, 0.05595422891744987], [24, 0.052842930624555196], [25, 0.04798684472252053], [26, 0.055612590389409355], [27, 0.048001980954224616], [28, 0.04606194747631381], [29, 0.050555105730050065], [30, 0.050041950437888984], [31, 0.04504252603680604], [32, 0.0457342119804106], [33, 0.05045931041664591], [34, 0.04813670911674922], [35, 0.05124181495622778], [36, 0.04084586341465083], [37, 0.04932542304832447], [38, 0.04700989364423526], [39, 0.05033985077696587], [40, 0.04629268554830768], [41, 0.04788641436350832], [42, 0.048698564068988336], [43, 0.04510383813113483], [44, 0.03889907928085552], [45, 0.044392290408528705], [46, 0.03906261850802347], [47, 0.04810035257431308], [48, 0.04904680762771683], [49, 0.038685773569519], [50, 0.04251694583514404]], "losses_centralized": [[0, 0.2882328817129135], [1, 0.24389074935913085], [2, 0.10078041281402111], [3, 0.0805941542133689], [4, 0.07386949942111969], [5, 0.07183777047358453], [6, 0.06728638597168028], [7, 0.06483958225455135], [8, 0.06400467396248131], [9, 0.0620313322183676], [10, 0.06005915965326131], [11, 0.05927744300961495], [12, 0.05855319895707071], [13, 0.05709105512835085], [14, 0.055848389410786334], [15, 0.05497433688770979], [16, 0.05415824106875807], [17, 0.05419789418838918], [18, 0.053463191490992906], [19, 0.05360670901760459], [20, 0.05240003213481977], [21, 0.051377700817678125], [22, 0.051654966806992886], [23, 0.0507723623175174], [24, 0.05196422535637393], [25, 0.05026929500792175], [26, 0.04992113064881414], [27, 0.049309275547228755], [28, 0.049233088825736196], [29, 0.0489929977176711], [30, 0.05022651263680309], [31, 0.048884038421418516], [32, 0.048282577432040126], [33, 0.047837735605053604], [34, 0.047791252987692136], [35, 0.04819537268485874], [36, 0.047407248016726224], [37, 0.04833152358112857], [38, 0.04676220316002146], [39, 0.046966750885453074], [40, 0.046420653601409866], [41, 0.04646071818643249], [42, 0.04765174753749743], [43, 0.04684793697595596], [44, 0.04769937590537593], [45, 0.04662024959428236], [46, 0.046029147192230446], [47, 0.04532232999373227], [48, 0.046133937225025144], [49, 0.04545171172111295], [50, 0.045547128254221754]], "metrics_distributed_fit": {"train_loss": [[1, 0.26103681140868285], [2, 0.21313506762934928], [3, 0.16525557918604533], [4, 0.15737103249537077], [5, 0.1394643380003488], [6, 0.1287152557550305], [7, 0.1157981842365698], [8, 0.11954688548358898], [9, 0.11854376232688121], [10, 0.10324662078926926], [11, 0.10357664579973297], [12, 0.10952381217805918], [13, 0.11264646707262921], [14, 0.10786072985601065], [15, 0.1104480139926128], [16, 0.10651954468942948], [17, 0.09581838803628993], [18, 0.09911880791418642], [19, 0.09329949004634507], [20, 0.09435080520959162], [21, 0.09994055630595396], [22, 0.0922532667219856], [23, 0.09545940708865205], [24, 0.09574447045729141], [25, 0.0926199419386752], [26, 0.08818192067023793], [27, 0.09258700862689759], [28, 0.09126348329740926], [29, 0.08793758532072525], [30, 0.08411920588404771], [31, 0.09223342328807409], [32, 0.08857385716778864], [33, 0.09182160213576443], [34, 0.08766808997921331], [35, 0.0832079213663089], [36, 0.08079809957491386], [37, 0.08798246213903288], [38, 0.08774489411008507], [39, 0.08627747180409569], [40, 0.08450701080465425], [41, 0.0773565190267167], [42, 0.08734367131316326], [43, 0.08804244346847727], [44, 0.08606126565524543], [45, 0.07252500943293931], [46, 0.07725378071805525], [47, 0.08177461436244893], [48, 0.0701273555192298], [49, 0.08438032092650949], [50, 0.08120257891608607]], "train_accuracy": [[1, 0.6633756464503996], [2, 0.7110826393337604], [3, 0.7700299513290902], [4, 0.7797696451792681], [5, 0.7978762358110583], [6, 0.8188399071925754], [7, 0.8363482193329564], [8, 0.8339058583232755], [9, 0.8345498783454988], [10, 0.8612727614041674], [11, 0.859376471696336], [12, 0.8464028111707046], [13, 0.8421489891996676], [14, 0.8478201009637448], [15, 0.8396010613962851], [16, 0.8501845018450185], [17, 0.8677134261000377], [18, 0.859528948109224], [19, 0.872390445740079], [20, 0.8660497289212937], [21, 0.8599178184534927], [22, 0.8681716833890747], [23, 0.8674957920329156], [24, 0.8685178374402354], [25, 0.8707066905053167], [26, 0.8796743349427246], [27, 0.8697804764128911], [28, 0.872531586335985], [29, 0.8787341299477222], [30, 0.8878610534264678], [31, 0.8729398766227787], [32, 0.8767953739973885], [33, 0.8705991639572689], [34, 0.8775776803209854], [35, 0.8857009781089893], [36, 0.8886899151743638], [37, 0.8769604182225541], [38, 0.8772909107823984], [39, 0.8795674869500373], [40, 0.8821345707656613], [41, 0.8941554149749787], [42, 0.8779021367126075], [43, 0.8741575108484905], [44, 0.8809956395348837], [45, 0.9019738724134643], [46, 0.8949412656309208], [47, 0.8877570093457944], [48, 0.9068994970105343], [49, 0.8837275040045227], [50, 0.8842281879194631]]}, "metrics_distributed": {"test_accuracy": [[1, 0.6035805626598465], [2, 0.7220338983050848], [3, 0.7567114093959731], [4, 0.7892948173322005], [5, 0.7966244725738396], [6, 0.7822033898305085], [7, 0.801673640167364], [8, 0.8298052497883149], [9, 0.8108108108108109], [10, 0.8455008488964346], [11, 0.8111769686706182], [12, 0.8543607112616427], [13, 0.8651685393258427], [14, 0.8530405405405406], [15, 0.8500421229991575], [16, 0.8345740281224152], [17, 0.8651202749140894], [18, 0.8594827586206897], [19, 0.8357203032855939], [20, 0.8549488054607508], [21, 0.8497495826377296], [22, 0.8723221936589546], [23, 0.8387096774193549], [24, 0.8556016597510373], [25, 0.870118845500849], [26, 0.8440905280804694], [27, 0.8827054794520548], [28, 0.8701842546063652], [29, 0.8555743243243243], [30, 0.8565365025466893], [31, 0.8688946015424165], [32, 0.8771186440677966], [33, 0.8688387635756056], [34, 0.8780487804878049], [35, 0.8626465661641541], [36, 0.8946917808219178], [37, 0.8756388415672913], [38, 0.8845500848896435], [39, 0.8565365025466893], [40, 0.8657718120805369], [41, 0.8743676222596964], [42, 0.8564231738035264], [43, 0.8701517706576728], [44, 0.9043552519214346], [45, 0.8806343906510852], [46, 0.902127659574468], [47, 0.8813131313131313], [48, 0.8698979591836735], [49, 0.88653683319221], [50, 0.8898233809924306]]}, "metrics_centralized": {"test_accuracy": [[0, 0.0769], [1, 0.6116], [2, 0.7319], [3, 0.7667], [4, 0.776], [5, 0.7907], [6, 0.791], [7, 0.805], [8, 0.8104], [9, 0.8168], [10, 0.825], [11, 0.8276], [12, 0.8301], [13, 0.8312], [14, 0.8355], [15, 0.8368], [16, 0.8417], [17, 0.8441], [18, 0.8429], [19, 0.8434], [20, 0.8452], [21, 0.8478], [22, 0.8483], [23, 0.8519], [24, 0.8476], [25, 0.8527], [26, 0.8503], [27, 0.8549], [28, 0.853], [29, 0.8572], [30, 0.852], [31, 0.8556], [32, 0.8617], [33, 0.8628], [34, 0.8633], [35, 0.8602], [36, 0.8631], [37, 0.8633], [38, 0.8653], [39, 0.866], [40, 0.8669], [41, 0.8681], [42, 0.8615], [43, 0.8603], [44, 0.8614], [45, 0.8657], [46, 0.8699], [47, 0.8698], [48, 0.8687], [49, 0.868], [50, 0.8679]]}, "use_wandb": false}