{"losses_distributed": [[1, 0.206561865709017], [2, 0.12228166463516527], [3, 0.1116602597476902]], "losses_centralized": [[0, 0.28780577447414396], [1, 0.18563954930305482], [2, 0.12038797532320022], [3, 0.10424864246547222]], "metrics_distributed_fit": {"train_loss": [[1, 0.36942212376839884], [2, 0.25549586943840896], [3, 0.2002867840032851]], "train_accuracy": [[1, 0.5178185237423601], [2, 0.6342088404868674], [3, 0.708910520404343]]}, "metrics_distributed": {"test_accuracy": [[1, 0.45524296675191817], [2, 0.6796610169491526], [3, 0.6820469798657718]]}, "metrics_centralized": {"test_accuracy": [[0, 0.0815], [1, 0.4903], [2, 0.6724], [3, 0.6927]]}, "use_wandb": false}