{"losses_distributed": [[1, 0.30404407614230705], [2, 0.28997284739704454], [3, 0.27560536113361384], [4, 0.264041573796722], [5, 0.24456565883089218], [6, 0.2271031249377687], [7, 0.20970565235265629], [8, 0.19103661699379834], [9, 0.17483423967417833], [10, 0.16660013855616793], [11, 0.16117817781720498], [12, 0.1506861989322504], [13, 0.13068888055010922], [14, 0.13419198921906786], [15, 0.12834379179897484], [16, 0.1319888733555405], [17, 0.12424887614356693], [18, 0.12175594121217728], [19, 0.1192027874975116], [20, 0.11059080199068316], [21, 0.11082583934516461], [22, 0.10319003897568255], [23, 0.11002549432939099], [24, 0.1051271614568362], [25, 0.10190870452210535], [26, 0.10242347598500544], [27, 0.09764885062300792], [28, 0.09423384866622625], [29, 0.09715634386835469], [30, 0.09584772583027647], [31, 0.09161646072948296], [32, 0.09288968757047492], [33, 0.09598376109897343], [34, 0.09355501410581918], [35, 0.09290757620866275], [36, 0.08544596232320756], [37, 0.09011177518254296], [38, 0.08819919449066924], [39, 0.08923563485133425], [40, 0.0860621834262868], [41, 0.08796293048492773], [42, 0.08818293031614734], [43, 0.08505863023208828], [44, 0.07706391914365106], [45, 0.08244335930949957], [46, 0.0774590235013277], [47, 0.0811910989697433], [48, 0.07903462149350125], [49, 0.07591951080139768], [50, 0.08172988145603564]], "losses_centralized": [[0, 0.28742435386180876], [1, 0.2809408677816391], [2, 0.2728115218400955], [3, 0.2608936916470528], [4, 0.24665893285274507], [5, 0.23022379059791565], [6, 0.2124676298379898], [7, 0.1955009044408798], [8, 0.1811429212152958], [9, 0.16870323256254197], [10, 0.15827893743515015], [11, 0.1492510452210903], [12, 0.14234765246510506], [13, 0.13585949275493622], [14, 0.1309240213572979], [15, 0.12577859346866607], [16, 0.12100524834990502], [17, 0.11779228993058205], [18, 0.11419960694909095], [19, 0.1119315139055252], [20, 0.10941619304120541], [21, 0.10637372741103172], [22, 0.10473764359652996], [23, 0.10238509645462036], [24, 0.10138221502304078], [25, 0.09906917610764504], [26, 0.09767330822646618], [27, 0.09574088700860739], [28, 0.09434396369606257], [29, 0.09309551952928305], [30, 0.09303441590219737], [31, 0.09143332282602787], [32, 0.0906891229480505], [33, 0.08913124133199453], [34, 0.08809765026271343], [35, 0.08743036413043738], [36, 0.08656233013123274], [37, 0.08617729114145041], [38, 0.08550022803395986], [39, 0.0847015962049365], [40, 0.08379426899403333], [41, 0.08338198165893555], [42, 0.08330630515366792], [43, 0.0827045764580369], [44, 0.08303445714861155], [45, 0.08085153151005507], [46, 0.08035147547125816], [47, 0.07957849042862654], [48, 0.07939727114886046], [49, 0.07861436460390687], [50, 0.07877701461166144]], "metrics_distributed_fit": {"train_loss": [[1, 0.5122203139895612], [2, 0.4970200028796531], [3, 0.47655587560538715], [4, 0.464675216964468], [5, 0.41505784746252633], [6, 0.3825495295845439], [7, 0.3446610682126783], [8, 0.3167282281720686], [9, 0.30817583707132834], [10, 0.26827219521068424], [11, 0.2584405927977185], [12, 0.23957771215527915], [13, 0.24123872427217719], [14, 0.2287686283200528], [15, 0.2217198023101321], [16, 0.2133341163362469], [17, 0.19511831834409338], [18, 0.19536738913267518], [19, 0.18367455316434594], [20, 0.1816159938085127], [21, 0.1875379189701391], [22, 0.17728787952973823], [23, 0.17704750061221874], [24, 0.17222732887714662], [25, 0.16823231026045105], [26, 0.1629649256196035], [27, 0.1650155269785748], [28, 0.16065270738989101], [29, 0.1546275361658083], [30, 0.1487216644693424], [31, 0.15685766102380322], [32, 0.15369986370032157], [33, 0.15433757494878989], [34, 0.1500645567402918], [35, 0.1430818789920101], [36, 0.13795932777942238], [37, 0.14276032044252837], [38, 0.14800494882938448], [39, 0.14282200926114227], [40, 0.138038980426686], [41, 0.13296627398272892], [42, 0.14395983035149573], [43, 0.14618108644970598], [44, 0.13885117863148563], [45, 0.12289431471011902], [46, 0.12962780854655567], [47, 0.13075663732604131], [48, 0.12033601028330662], [49, 0.13311494085892106], [50, 0.13108777736673827]], "train_accuracy": [[1, 0.31913493182886693], [2, 0.3725633751258351], [3, 0.4314863347061026], [4, 0.47919375812743825], [5, 0.5631636763090443], [6, 0.591554524361949], [7, 0.6636517806670436], [8, 0.691300714882555], [9, 0.6838854576080854], [10, 0.7375633564858269], [11, 0.7471978901761326], [12, 0.7362678009987054], [13, 0.7464229668605188], [14, 0.7463056447911887], [15, 0.744898892853875], [16, 0.7574723247232472], [17, 0.782437006393381], [18, 0.7747020737543399], [19, 0.79433891292082], [20, 0.7797719199850439], [21, 0.7825924542398207], [22, 0.7857673727238944], [23, 0.7843650645221619], [24, 0.7849393159249725], [25, 0.7885574480097864], [26, 0.8056423364574458], [27, 0.7920597851471275], [28, 0.7905474964904071], [29, 0.8075989544436146], [30, 0.81668869171229], [31, 0.7936654083417733], [32, 0.7954672635702295], [33, 0.7912679981421272], [34, 0.8038630213679201], [35, 0.816022356776898], [36, 0.8264844486333648], [37, 0.8160941000746826], [38, 0.7956088938505907], [39, 0.8090044742729307], [40, 0.8124361948955916], [41, 0.8267396846379002], [42, 0.800665988345204], [43, 0.7967870002769827], [44, 0.8089571220930233], [45, 0.8418041384571374], [46, 0.8274914740431982], [47, 0.8230841121495327], [48, 0.8428395178893423], [49, 0.8195609158579101], [50, 0.8196308724832215]]}, "metrics_distributed": {"test_accuracy": [[1, 0.22250639386189258], [2, 0.24067796610169492], [3, 0.540268456375839], [4, 0.6040781648258283], [5, 0.5738396624472574], [6, 0.6016949152542372], [7, 0.5707112970711297], [8, 0.6502963590177815], [9, 0.6815878378378378], [10, 0.6782682512733447], [11, 0.6579170194750211], [12, 0.6900931414055885], [13, 0.7510803802938635], [14, 0.7119932432432432], [15, 0.7177759056444819], [16, 0.6947890818858561], [17, 0.7233676975945017], [18, 0.7206896551724138], [19, 0.7101937657961247], [20, 0.7440273037542662], [21, 0.7228714524207012], [22, 0.7523564695801199], [23, 0.7410865874363328], [24, 0.7344398340248963], [25, 0.735144312393888], [26, 0.732606873428332], [27, 0.7602739726027398], [28, 0.7479061976549414], [29, 0.7483108108108109], [30, 0.7614601018675722], [31, 0.7686375321336761], [32, 0.75], [33, 0.7418546365914787], [34, 0.7552565180824222], [35, 0.7680067001675042], [36, 0.7868150684931506], [37, 0.7589437819420783], [38, 0.7767402376910016], [39, 0.7393887945670629], [40, 0.7550335570469798], [41, 0.7512647554806071], [42, 0.7632241813602015], [43, 0.7740303541315345], [44, 0.7993168232280102], [45, 0.7704507512520868], [46, 0.7974468085106383], [47, 0.7811447811447811], [48, 0.7865646258503401], [49, 0.7866215071972904], [50, 0.7779646761984861]]}, "metrics_centralized": {"test_accuracy": [[0, 0.1401], [1, 0.2575], [2, 0.2445], [3, 0.5311], [4, 0.5726], [5, 0.5527], [6, 0.6081], [7, 0.5758], [8, 0.6104], [9, 0.655], [10, 0.6744], [11, 0.6839], [12, 0.6767], [13, 0.7034], [14, 0.685], [15, 0.7129], [16, 0.7149], [17, 0.7105], [18, 0.7256], [19, 0.7237], [20, 0.7178], [21, 0.7321], [22, 0.7243], [23, 0.7389], [24, 0.7336], [25, 0.7342], [26, 0.7413], [27, 0.7454], [28, 0.7423], [29, 0.748], [30, 0.7451], [31, 0.7409], [32, 0.7408], [33, 0.7504], [34, 0.7578], [35, 0.7571], [36, 0.7544], [37, 0.7565], [38, 0.7628], [39, 0.7586], [40, 0.7621], [41, 0.7598], [42, 0.7607], [43, 0.7639], [44, 0.7559], [45, 0.7701], [46, 0.769], [47, 0.7728], [48, 0.7715], [49, 0.7753], [50, 0.7774]]}, "use_wandb": false}