{"losses_distributed": [[1, 0.20650164225318954], [2, 0.12078294152930631]], "losses_centralized": [[0, 0.2884107816457748], [1, 0.18594041275382042], [2, 0.11929921626150608], [3, 0.10301861898601056]], "metrics_distributed_fit": {"train_loss": [[1, 0.37359081478093253], [2, 0.25442380874684584], [3, 0.1979999512013237]], "train_accuracy": [[1, 0.5117066290550071], [2, 0.6358561361764437], [3, 0.7124672407338075]]}, "metrics_distributed": {"test_accuracy": [[1, 0.5063938618925832], [2, 0.6830508474576271]]}, "metrics_centralized": {"test_accuracy": [[0, 0.1234], [1, 0.5374], [2, 0.6728], [3, 0.7007]]}, "use_wandb": false}