{"losses_distributed": [[1, 0.18522200590509283], [2, 0.0984896437785888], [3, 0.0879473233850979]], "losses_centralized": [[0, 0.2889518342256546], [1, 0.16811251432299615], [2, 0.0976227049663663], [3, 0.08244354429543019]], "metrics_distributed_fit": {"train_loss": [[1, 0.3143417083396001], [2, 0.22184046480536343], [3, 0.168716734083139]], "train_accuracy": [[1, 0.5769628584861307], [2, 0.6849089411549373], [3, 0.7563646574316736]]}, "metrics_distributed": {"test_accuracy": [[1, 0.6035805626598465], [2, 0.6991525423728814], [3, 0.7407718120805369]]}, "metrics_centralized": {"test_accuracy": [[0, 0.0911], [1, 0.6148], [2, 0.7051], [3, 0.7572]]}, "use_wandb": false}