{"losses_distributed": [[1, 0.31449840348594044], [2, 0.2932054823758651], [3, 0.2700680247374943], [4, 0.24984396373739048], [5, 0.24868510401978786], [6, 0.23038478086189348], [7, 0.22228231922704347], [8, 0.21515075388003368], [9, 0.21112610393640946], [10, 0.21499867077384677], [11, 0.20436900995519697], [12, 0.20667028399754545], [13, 0.22241843855198548], [14, 0.21443238367839734], [15, 0.2149173161033921], [16, 0.22456800084637135], [17, 0.21238600154008183], [18, 0.25521162257586816], [19, 0.2436254122598591], [20, 0.2192374545472617], [21, 0.22285545546637506], [22, 0.2437284261881545], [23, 0.2426141190171546], [24, 0.2382406618615983], [25, 0.22597404822270026], [26, 0.18445646608609478], [27, 0.22531324481895687], [28, 0.22841861009673806], [29, 0.22637648375714386], [30, 0.23891404485900183], [31, 0.21215450749851344], [32, 0.22625456646236838], [33, 0.2198551792917507], [34, 0.21149053335313361], [35, 0.22605920034574764], [36, 0.22092903312865872], [37, 0.20863379356201872], [38, 0.20363794478316963], [39, 0.1961602617627751], [40, 0.2248196534712666], [41, 0.21690979272659336], [42, 0.23296070253970672], [43, 0.22356775123045403], [44, 0.20170715020812705], [45, 0.21715548383404634], [46, 0.21821323258989986], [47, 0.2073466803297954], [48, 0.18787636576229005], [49, 0.20940737420834402], [50, 0.1990537511488917]], "losses_centralized": [[0, 0.28812832202911376], [1, 0.2744340803742409], [2, 0.2488868322134018], [3, 0.22995970031023025], [4, 0.21505046425461768], [5, 0.20211402593851088], [6, 0.19236901245713234], [7, 0.18545166079699993], [8, 0.18133063935637475], [9, 0.17897830258607864], [10, 0.17544758218228818], [11, 0.17497707931399345], [12, 0.17649396615475416], [13, 0.17791737952232362], [14, 0.1811827374204993], [15, 0.18270819220021367], [16, 0.1846279764842242], [17, 0.18494901811219752], [18, 0.19256781783141197], [19, 0.19709902922138572], [20, 0.19741141198966652], [21, 0.1995024858266115], [22, 0.19675020141750574], [23, 0.19475318496637045], [24, 0.19370737233944238], [25, 0.19184603454899044], [26, 0.19194299580007793], [27, 0.19054954729210585], [28, 0.18933650913704186], [29, 0.1872599545514211], [30, 0.1878828285366297], [31, 0.18917341555748135], [32, 0.18667179991183802], [33, 0.18535704685468227], [34, 0.18477487804619597], [35, 0.1793757069949992], [36, 0.17875443013375625], [37, 0.17821761610005052], [38, 0.17914855998372659], [39, 0.1783362604382448], [40, 0.17570361142149196], [41, 0.17739057373204267], [42, 0.17717079777549952], [43, 0.17539172846078874], [44, 0.1753693352142349], [45, 0.17495691378125922], [46, 0.17191390140200966], [47, 0.16824597111362963], [48, 0.1717420666452497], [49, 0.16913156685093417], [50, 0.16908627985473723]], "metrics_distributed_fit": {"train_loss": [[1, 0.5525833858974627], [2, 0.5062381333564226], [3, 0.45739988305351953], [4, 0.42123042700337426], [5, 0.3846299221044854], [6, 0.3499691589524382], [7, 0.3177579021067135], [8, 0.2898515355469374], [9, 0.2586592688625541], [10, 0.23100732460284099], [11, 0.19541826765411174], [12, 0.1600444753574587], [13, 0.13113694505809273], [14, 0.10416471914504981], [15, 0.08450399371230238], [16, 0.06331197365314752], [17, 0.05411969415106112], [18, 0.03523340162799753], [19, 0.029199060597983554], [20, 0.017961967150389103], [21, 0.014126114636071205], [22, 0.011837660247515038], [23, 0.010437520896074167], [24, 0.009741605419984738], [25, 0.007183740304627507], [26, 0.005339988730335785], [27, 0.004295888434197068], [28, 0.0042325935179090895], [29, 0.004025929927615506], [30, 0.003656279150511161], [31, 0.0027076729141083454], [32, 0.002625853428499888], [33, 0.003122995412928961], [34, 0.0030852497892013553], [35, 0.002830927743209316], [36, 0.002684771037009814], [37, 0.002700594166410743], [38, 0.002337718883782845], [39, 0.0020493542686585], [40, 0.0022598315741452915], [41, 0.0018443346627864511], [42, 0.0019375653551408406], [43, 0.0020030375765658862], [44, 0.0017848101483234494], [45, 0.0016724462799151704], [46, 0.001988331965484754], [47, 0.0018066648978800636], [48, 0.0015897135075570777], [49, 0.001626852052554933], [50, 0.0016820771063470825]], "train_accuracy": [[1, 0.18216446336544925], [2, 0.24843119677274764], [3, 0.32967156148413856], [4, 0.3735574229691877], [5, 0.4280913978494624], [6, 0.48363595606366283], [7, 0.5341774988794262], [8, 0.5740076250280332], [9, 0.6185567010309279], [10, 0.6672268907563025], [11, 0.7119309262166404], [12, 0.780192695496303], [13, 0.8230346529101715], [14, 0.860983533101826], [15, 0.8965710443747199], [16, 0.9264030469362607], [17, 0.941156691324815], [18, 0.9665061050744931], [19, 0.9742239157234114], [20, 0.9891243412938671], [21, 0.9932750504371217], [22, 0.9950678175092479], [23, 0.9945073422262078], [24, 0.9958520179372198], [25, 0.9971985656656208], [26, 0.9991030384572261], [27, 0.9996640161272259], [28, 0.9994400895856663], [29, 0.9993280322544518], [30, 0.9993275050437121], [31, 0.9998879300683626], [32, 1.0], [33, 0.9992151586500729], [34, 0.9993271279578334], [35, 0.9997759605690602], [36, 0.9996636771300449], [37, 0.9995515695067264], [38, 0.9997759605690602], [39, 0.9998878798071533], [40, 0.9997757093192778], [41, 1.0], [42, 0.9998879300683626], [43, 0.9997759856630825], [44, 1.0], [45, 1.0], [46, 0.9997759354694152], [47, 1.0], [48, 1.0], [49, 1.0], [50, 1.0]]}, "metrics_distributed": {"test_accuracy": [[1, 0.18061224489795918], [2, 0.23979591836734693], [3, 0.29591836734693877], [4, 0.32040816326530613], [5, 0.3846938775510204], [6, 0.4], [7, 0.4479591836734694], [8, 0.4897959183673469], [9, 0.4857142857142857], [10, 0.49081632653061225], [11, 0.5010204081632653], [12, 0.5306122448979592], [13, 0.5051020408163265], [14, 0.5489795918367347], [15, 0.5469387755102041], [16, 0.5428571428571428], [17, 0.5377551020408163], [18, 0.5377551020408163], [19, 0.5551020408163265], [20, 0.5816326530612245], [21, 0.5816326530612245], [22, 0.5642857142857143], [23, 0.5989795918367347], [24, 0.5877551020408164], [25, 0.6122448979591837], [26, 0.6091836734693877], [27, 0.5959183673469388], [28, 0.5948979591836735], [29, 0.6071428571428571], [30, 0.5979591836734693], [31, 0.6163265306122448], [32, 0.6122448979591837], [33, 0.6173469387755102], [34, 0.6163265306122448], [35, 0.6183673469387755], [36, 0.6336734693877552], [37, 0.6204081632653061], [38, 0.6234693877551021], [39, 0.6265306122448979], [40, 0.6326530612244898], [41, 0.6438775510204081], [42, 0.6122448979591837], [43, 0.613265306122449], [44, 0.6091836734693877], [45, 0.6183673469387755], [46, 0.6316326530612245], [47, 0.6326530612244898], [48, 0.6448979591836734], [49, 0.6183673469387755], [50, 0.6540816326530612]]}, "metrics_centralized": {"test_accuracy": [[0, 0.099], [1, 0.1829], [2, 0.2674], [3, 0.3048], [4, 0.3518], [5, 0.4036], [6, 0.4316], [7, 0.46], [8, 0.4718], [9, 0.4897], [10, 0.4996], [11, 0.5113], [12, 0.5207], [13, 0.5318], [14, 0.5414], [15, 0.549], [16, 0.5636], [17, 0.5643], [18, 0.5706], [19, 0.5732], [20, 0.5787], [21, 0.5822], [22, 0.5873], [23, 0.5906], [24, 0.5954], [25, 0.5982], [26, 0.6037], [27, 0.6062], [28, 0.6126], [29, 0.6147], [30, 0.6134], [31, 0.6172], [32, 0.6185], [33, 0.6237], [34, 0.6276], [35, 0.6274], [36, 0.6296], [37, 0.6332], [38, 0.6333], [39, 0.6353], [40, 0.6393], [41, 0.6427], [42, 0.6434], [43, 0.6429], [44, 0.6426], [45, 0.644], [46, 0.6433], [47, 0.6448], [48, 0.6475], [49, 0.6482], [50, 0.6506]]}, "use_wandb": false}