{"losses_distributed": [[1, 0.3042273822815788], [2, 0.30988485597278675], [3, 0.3082325148486322], [4, 0.30472263596096977], [5, 0.30746393601503885], [6, 0.30814696110155915], [7, 0.3043580107899555], [8, 0.308940282309407], [9, 0.3062427398386409], [10, 0.3067684158927105], [11, 0.30567899619489], [12, 0.3078924734658057], [13, 0.30259713347570955], [14, 0.3116841648843769], [15, 0.30387588588114317], [16, 0.30532798500859726], [17, 0.30368323587189033], [18, 0.30328361464830167], [19, 0.3034342672178137], [20, 0.3021214768825433], [21, 0.3067948540251459]], "losses_centralized": [[0, 0.2878586367368698], [1, 0.28833539304733274], [2, 0.2883557037353516], [3, 0.28813852417469027], [4, 0.2881303465127945], [5, 0.2885070403814316], [6, 0.28837974445819853], [7, 0.28858932950496674], [8, 0.2884364636182785], [9, 0.2883117805480957], [10, 0.2885292760133743], [11, 0.28879350328445436], [12, 0.2883487053871155], [13, 0.2882121938467026], [14, 0.28877757618427274], [15, 0.2885819000720978], [16, 0.288622558927536], [17, 0.2884817275285721], [18, 0.2880928321838379], [19, 0.2884814980983734], [20, 0.2887626448392868], [21, 0.28841530475616456]], "metrics_distributed_fit": {"train_loss": [[1, 0.5359894317319156], [2, 0.5350180014225401], [3, 0.5372467515812953], [4, 0.5454499090239173], [5, 0.5327839986254091], [6, 0.5299892445620343], [7, 0.5364756866050312], [8, 0.5285499672868952], [9, 0.5401334288930388], [10, 0.5225004870555972], [11, 0.531331073620991], [12, 0.5248835449751514], [13, 0.5355680302493159], [14, 0.5298949779000623], [15, 0.5214909333928321], [16, 0.5270998475356935], [17, 0.5254296813174499], [18, 0.528827019530729], [19, 0.5218793581859498], [20, 0.5204375422055784], [21, 0.5334805034244868]], "train_accuracy": [[1, 0.28161374166572495], [2, 0.2876471235287647], [3, 0.2698412698412698], [4, 0.24263721552878179], [5, 0.27790006603565925], [6, 0.2942095280598014], [7, 0.26999773396782234], [8, 0.27190534657885923], [9, 0.24848007205584327], [10, 0.30025962298227793], [11, 0.28351449275362317], [12, 0.27103946637020565], [13, 0.2600976475810031], [14, 0.27703000882612533], [15, 0.29295929592959297], [16, 0.27934324384291104], [17, 0.2745873841284196], [18, 0.2685237397090335], [19, 0.3029172320217096], [20, 0.3018083791980231], [21, 0.25920520880107767]]}, "metrics_distributed": {"test_accuracy": [[1, 0.07810894141829394], [2, 0.08952187182095625], [3, 0.11088709677419355], [4, 0.10348360655737705], [5, 0.09867751780264497], [6, 0.10783316378433368], [7, 0.08734939759036145], [8, 0.0935910478128179], [9, 0.10488798370672098], [10, 0.125], [11, 0.07637474541751528], [12, 0.13863404689092762], [13, 0.05723204994797086], [14, 0.109979633401222], [15, 0.11370558375634518], [16, 0.09172482552342971], [17, 0.07128099173553719], [18, 0.10973084886128365], [19, 0.10931174089068826], [20, 0.11282051282051282], [21, 0.09447236180904522]]}, "metrics_centralized": {"test_accuracy": [[0, 0.1], [1, 0.1], [2, 0.1], [3, 0.1], [4, 0.1], [5, 0.1], [6, 0.1], [7, 0.1], [8, 0.1], [9, 0.1], [10, 0.1], [11, 0.1], [12, 0.1], [13, 0.1], [14, 0.1], [15, 0.1], [16, 0.1], [17, 0.1], [18, 0.1], [19, 0.1], [20, 0.1], [21, 0.1]]}, "use_wandb": false}