{"losses_distributed": [[1, 0.3030756610270517], [2, 0.30915055973483735], [3, 0.3085547940384957], [4, 0.304923880051394], [5, 0.3069997680272115], [6, 0.30817454780469955], [7, 0.3052855811444631], [8, 0.30836890284673124], [9, 0.3069132763110936], [10, 0.30699333792827166], [11, 0.30715592524184715], [12, 0.30937184859731753], [13, 0.3041737074658476], [14, 0.3121138609596765], [15, 0.3037663752657508], [16, 0.30506637398290964], [17, 0.3034777919615596], [18, 0.3031743567429221], [19, 0.30528809932562023], [20, 0.3029500203254895], [21, 0.3066026208388746], [22, 0.30661788978733806], [23, 0.31016909054347447], [24, 0.30795815110206604], [25, 0.3060123966664684]], "losses_centralized": [[0, 0.28787203698158265], [1, 0.2878825958490372], [2, 0.28802573924064634], [3, 0.28799520990848543], [4, 0.28804489998817445], [5, 0.2881787508249283], [6, 0.2883817578077316], [7, 0.2886643393754959], [8, 0.2884547585964203], [9, 0.2887273405313492], [10, 0.28884679741859437], [11, 0.2889749296426773], [12, 0.2890059980392456], [13, 0.28855144064426425], [14, 0.2892725376844406], [15, 0.28874734833240506], [16, 0.2884189752340317], [17, 0.2888536902666092], [18, 0.2880694674015045], [19, 0.2890739224910736], [20, 0.2891873301029205], [21, 0.28858676912784575], [22, 0.28887376215457916], [23, 0.2884340406656265], [24, 0.2904320124149323], [25, 0.2893705423593521]], "metrics_distributed_fit": {"train_loss": [[1, 0.508489508139291], [2, 0.5101187648408393], [3, 0.5079024562115848], [4, 0.5267035493935553], [5, 0.5068964269975721], [6, 0.49952919547624064], [7, 0.5087315198342167], [8, 0.500744400534104], [9, 0.5117826278186601], [10, 0.4869471705448333], [11, 0.5036935353503171], [12, 0.4988566109674887], [13, 0.508897358855035], [14, 0.5030188479732857], [15, 0.49507138775651344], [16, 0.5159590274384004], [17, 0.5108455105076379], [18, 0.5091247954826499], [19, 0.5045628659882087], [20, 0.4979743785862439], [21, 0.5172578090836127], [22, 0.502734318903077], [23, 0.5009963288073999], [24, 0.48974879633255874], [25, 0.5054705493536819]], "train_accuracy": [[1, 0.2642106452706521], [2, 0.2912770872291277], [3, 0.27704604300348984], [4, 0.2392904953145917], [5, 0.273167510455646], [6, 0.30280040165123284], [7, 0.2752096079764333], [8, 0.28094653421140753], [9, 0.25433460932222474], [10, 0.3094028671407608], [11, 0.2888360507246377], [12, 0.2916064480266815], [13, 0.2542166000887705], [14, 0.27703000882612533], [15, 0.2996699669966997], [16, 0.28389172398491236], [17, 0.27696133845806015], [18, 0.2759670689071839], [19, 0.3011080958842153], [20, 0.2987756935864315], [21, 0.27144140098787606], [22, 0.28654383026242325], [23, 0.2697020798201237], [24, 0.28828928452947034], [25, 0.268455615942029]]}, "metrics_distributed": {"test_accuracy": [[1, 0.10483042137718397], [2, 0.08952187182095625], [3, 0.11088709677419355], [4, 0.09631147540983606], [5, 0.09867751780264497], [6, 0.06307222787385554], [7, 0.08734939759036145], [8, 0.14750762970498474], [9, 0.12525458248472504], [10, 0.125], [11, 0.07637474541751528], [12, 0.07951070336391437], [13, 0.05723204994797086], [14, 0.11608961303462322], [15, 0.11370558375634518], [16, 0.09172482552342971], [17, 0.07128099173553719], [18, 0.10766045548654245], [19, 0.06680161943319839], [20, 0.11282051282051282], [21, 0.09447236180904522], [22, 0.08959835221421215], [23, 0.11734693877551021], [24, 0.147], [25, 0.09795918367346938]]}, "metrics_centralized": {"test_accuracy": [[0, 0.1], [1, 0.0954], [2, 0.1], [3, 0.1], [4, 0.1], [5, 0.1], [6, 0.1], [7, 0.1], [8, 0.1], [9, 0.1], [10, 0.1], [11, 0.1], [12, 0.1], [13, 0.1], [14, 0.1], [15, 0.1], [16, 0.1], [17, 0.1], [18, 0.1], [19, 0.1], [20, 0.1], [21, 0.1], [22, 0.1], [23, 0.1], [24, 0.1], [25, 0.1]]}, "use_wandb": false}