{"losses_distributed": [[1, 0.25085099686967566], [2, 0.2021556589361671], [3, 0.15257544726811859], [4, 0.15773882547816137], [5, 0.11951000963756611], [6, 0.12302452257734678], [7, 0.13152405617156238], [8, 0.12666528642577948], [9, 0.10822396760401519], [10, 0.10568685909952492], [11, 0.08566279066360884], [12, 0.077453189818783], [13, 0.0924290463318635], [14, 0.09376744764370783], [15, 0.1080443117164906], [16, 0.08114939459513143], [17, 0.0798750264404265], [18, 0.08688051243464054], [19, 0.08892573093615995], [20, 0.09569562759121727], [21, 0.08258286881380668], [22, 0.07604197421984643], [23, 0.06537825586410871], [24, 0.10119982428108538], [25, 0.08667100400568879], [26, 0.05865723348044335], [27, 0.06887624946922703], [28, 0.08846882403942577], [29, 0.0912834713029216], [30, 0.07314115065378793], [31, 0.07424141358433649], [32, 0.0802904202627004], [33, 0.07741050963810733], [34, 0.08750582656074632], [35, 0.06324472431949987], [36, 0.07492457488157107], [37, 0.0595665708321731], [38, 0.07850574952307875], [39, 0.08107929347482111], [40, 0.08720024377746288], [41, 0.07730408621042992], [42, 0.07200904525977708], [43, 0.07156024868000473], [44, 0.06358648223146057], [45, 0.07156467905556473], [46, 0.06338343167094042], [47, 0.07230318438513243], [48, 0.07321735583813915], [49, 0.06220800314935854], [50, 0.061396728169334974]], "losses_centralized": [[0, 0.2877504863500595], [1, 0.24765459374189377], [2, 0.18988164682984351], [3, 0.14790016694068908], [4, 0.13480116952955723], [5, 0.1134777135103941], [6, 0.11779168760478496], [7, 0.10601314982622861], [8, 0.10736417081207036], [9, 0.10164569489061832], [10, 0.10015057093650102], [11, 0.09911045418977737], [12, 0.08870379184558988], [13, 0.09820620433017611], [14, 0.0860485053524375], [15, 0.08723276051729918], [16, 0.08668430928960442], [17, 0.08660079139322042], [18, 0.0877358241841197], [19, 0.07997204004526139], [20, 0.08224773483648896], [21, 0.0846726707406342], [22, 0.07665781097561121], [23, 0.07321416440196335], [24, 0.07685691801980138], [25, 0.07768556530624628], [26, 0.07486588753089309], [27, 0.07448348250053823], [28, 0.07683963971659541], [29, 0.07663858403209597], [30, 0.07243380500040948], [31, 0.07270245481282472], [32, 0.07913273038826883], [33, 0.06654771255087108], [34, 0.06900511110685766], [35, 0.06550101019106805], [36, 0.07172449952811003], [37, 0.06590185592416674], [38, 0.06557118289768696], [39, 0.07315858912914991], [40, 0.07475065207313747], [41, 0.0711743128374219], [42, 0.07290720614492893], [43, 0.06557881572134792], [44, 0.060174888749979435], [45, 0.06861641353089362], [46, 0.06535273127667605], [47, 0.0669258737154305], [48, 0.06469313804470003], [49, 0.06147506037224084], [50, 0.06471103632394225]], "metrics_distributed_fit": {"train_loss": [[1, 0.16128622447417137], [2, 0.12140572488030328], [3, 0.08867630580365582], [4, 0.11559019680555814], [5, 0.09994199971479768], [6, 0.07619926685837324], [7, 0.0753945492464456], [8, 0.051863752000629995], [9, 0.05600591646719595], [10, 0.0835595143255779], [11, 0.054580405598254875], [12, 0.07508346003711121], [13, 0.07312904413779694], [14, 0.06611670786191962], [15, 0.07680835180604453], [16, 0.06559698296112013], [17, 0.04895720011279951], [18, 0.07505828319575251], [19, 0.06279631320476285], [20, 0.061364441856041056], [21, 0.06110128752559537], [22, 0.05129497567683126], [23, 0.05791820767282915], [24, 0.06157239890499621], [25, 0.03960606385984629], [26, 0.04057364987350366], [27, 0.04058338599264943], [28, 0.05223264932974463], [29, 0.057498590873686584], [30, 0.035583670785051556], [31, 0.05294849777120123], [32, 0.04969652503949185], [33, 0.04515030485551885], [34, 0.0337736589087616], [35, 0.053114250260219764], [36, 0.05482646060804153], [37, 0.04202600953083236], [38, 0.05131664169545566], [39, 0.03234033038976992], [40, 0.0419642064098959], [41, 0.04878363115768642], [42, 0.04914496215996885], [43, 0.03427675893853764], [44, 0.04794846406792933], [45, 0.04528179817918807], [46, 0.04383521199657677], [47, 0.052294048567263995], [48, 0.035402252914141674], [49, 0.04828907982333952], [50, 0.03370231097258474]], "train_accuracy": [[1, 0.7914572864321608], [2, 0.8342968958463044], [3, 0.8781158184058383], [4, 0.8362888482632541], [5, 0.8599698454579721], [6, 0.8928504409832989], [7, 0.9008843036109064], [8, 0.9334645669291338], [9, 0.9259431765253843], [10, 0.8774840312278211], [11, 0.9243445692883895], [12, 0.8912160915298025], [13, 0.8952917651336121], [14, 0.904900445495045], [15, 0.8881458409673874], [16, 0.9069314280411989], [17, 0.9355646208047469], [18, 0.8911084270184892], [19, 0.911195087387813], [20, 0.9174708206966271], [21, 0.9133567337890264], [22, 0.9283613246038523], [23, 0.9226114065651935], [24, 0.9139491046182846], [25, 0.9437139343486898], [26, 0.9446995603321935], [27, 0.944370483073412], [28, 0.9289517165412153], [29, 0.9154942528735632], [30, 0.954520295202952], [31, 0.9227381170857037], [32, 0.9284439853507371], [33, 0.9375770799734371], [34, 0.9554050239909682], [35, 0.9244472866800658], [36, 0.9174939759036145], [37, 0.9409073935772965], [38, 0.9265294720178787], [39, 0.9583171772004653], [40, 0.9430568499534017], [41, 0.9252029377657518], [42, 0.9294085078896374], [43, 0.958686050791314], [44, 0.9324324324324325], [45, 0.9371653987038603], [46, 0.9367901694284119], [47, 0.9206290812103375], [48, 0.9498856707317073], [49, 0.9287172823463895], [50, 0.9567774458551157]]}, "metrics_distributed": {"test_accuracy": [[1, 0.36], [2, 0.4152097902097902], [3, 0.6243432574430823], [4, 0.46716541978387366], [5, 0.6882096069868996], [6, 0.7101827676240209], [7, 0.6385442514474773], [8, 0.6288832913518052], [9, 0.6904347826086956], [10, 0.6824212271973465], [11, 0.7602339181286549], [12, 0.7991489361702128], [13, 0.7502175805047868], [14, 0.7327227310574521], [15, 0.6730930427493713], [16, 0.8041237113402062], [17, 0.7962328767123288], [18, 0.7553366174055829], [19, 0.738799661876585], [20, 0.7278854254422915], [21, 0.748932536293766], [22, 0.8003549245785271], [23, 0.8369283865401208], [24, 0.6465798045602605], [25, 0.723265306122449], [26, 0.8374468085106384], [27, 0.7947238252267106], [28, 0.746031746031746], [29, 0.7317473338802297], [30, 0.7963917525773195], [31, 0.7904040404040404], [32, 0.760268231349539], [33, 0.7778709136630344], [34, 0.7154742096505824], [35, 0.841927303465765], [36, 0.761864406779661], [37, 0.8541300527240774], [38, 0.7741407528641571], [39, 0.7517006802721088], [40, 0.7291666666666666], [41, 0.7555923777961889], [42, 0.787012987012987], [43, 0.7867892976588629], [44, 0.8132884777123633], [45, 0.76732249786142], [46, 0.8104417670682731], [47, 0.7915611814345992], [48, 0.7790601813685079], [49, 0.827212020033389], [50, 0.82]]}, "metrics_centralized": {"test_accuracy": [[0, 0.0943], [1, 0.3088], [2, 0.4136], [3, 0.5842], [4, 0.5734], [5, 0.6786], [6, 0.6921], [7, 0.7091], [8, 0.6939], [9, 0.6943], [10, 0.6919], [11, 0.6948], [12, 0.734], [13, 0.6866], [14, 0.7411], [15, 0.7307], [16, 0.7456], [17, 0.7364], [18, 0.7277], [19, 0.7496], [20, 0.7493], [21, 0.745], [22, 0.7579], [23, 0.7728], [24, 0.7544], [25, 0.7518], [26, 0.7629], [27, 0.7604], [28, 0.762], [29, 0.7636], [30, 0.77], [31, 0.7757], [32, 0.7521], [33, 0.7938], [34, 0.792], [35, 0.806], [36, 0.7776], [37, 0.7978], [38, 0.8094], [39, 0.7624], [40, 0.7706], [41, 0.7677], [42, 0.7577], [43, 0.7915], [44, 0.8219], [45, 0.7777], [46, 0.797], [47, 0.8021], [48, 0.791], [49, 0.8147], [50, 0.8091]]}, "use_wandb": false}