{"losses_distributed": [[1, 0.18157670417608407], [2, 0.09978600895758402], [3, 0.08718013228229779], [4, 0.07559435469547038], [5, 0.06968932757409534]], "losses_centralized": [[0, 0.28744675827026367], [1, 0.16420207419991492], [2, 0.09728742031157017], [3, 0.08189434052035212], [4, 0.07408592313602566], [5, 0.06892378441505134]], "metrics_distributed_fit": {"train_loss": [[1, 0.3158897661588224], [2, 0.22266369719966245], [3, 0.1696549499602063], [4, 0.1602783379811609], [5, 0.1370104214256718]], "train_accuracy": [[1, 0.5763986835919135], [2, 0.6850919740093346], [3, 0.755054286783976], [4, 0.7701096043098644], [5, 0.7946722812156719]]}, "metrics_distributed": {"test_accuracy": [[1, 0.6018755328218244], [2, 0.6940677966101695], [3, 0.74748322147651], [4, 0.7909940526762956], [5, 0.8050632911392405]]}, "metrics_centralized": {"test_accuracy": [[0, 0.0948], [1, 0.6203], [2, 0.7028], [3, 0.7564], [4, 0.7795], [5, 0.7981]]}, "use_wandb": false}