{"losses_distributed": [[1, 0.21535218036388193], [2, 0.1201846112260374], [3, 0.10908933912228867], [4, 0.09620270086808436], [5, 0.08927788099093276]], "losses_centralized": [[0, 0.2883603255748749], [1, 0.19428104937076568], [2, 0.1188541175097227], [3, 0.10115753462612628], [4, 0.09273558685034514], [5, 0.08777449021041393]], "metrics_distributed_fit": {"train_loss": [[1, 0.3844107072548192], [2, 0.25503027560001007], [3, 0.19569345980104044], [4, 0.18563542666329622], [5, 0.16130618626649615]], "train_accuracy": [[1, 0.49553361542078045], [2, 0.6366797840212318], [3, 0.718925496068888], [4, 0.7287757755898198], [5, 0.7608934456243135]]}, "metrics_distributed": {"test_accuracy": [[1, 0.5115089514066496], [2, 0.6813559322033899], [3, 0.6879194630872483], [4, 0.7476635514018691], [5, 0.7535864978902953]]}, "metrics_centralized": {"test_accuracy": [[0, 0.0973], [1, 0.5347], [2, 0.6821], [3, 0.7085], [4, 0.7329], [5, 0.7381]]}, "use_wandb": false}