{"losses_distributed": [[1, 0.20753232446854072], [2, 0.27105054390854477], [3, 0.31040852219803433], [4, 0.48162222574060065], [5, 0.5072035628429394], [6, 0.34531571963265234], [7, 0.3090823054800719], [8, 0.3396797185260257], [9, 0.34456459407573825], [10, 0.20898106986349804], [11, 0.31592229171992264], [12, 0.2807555859324157], [13, 0.18529239918818], [14, 0.35872094839936824], [15, NaN], [16, NaN], [17, NaN], [18, NaN], [19, NaN], [20, NaN], [21, NaN], [22, NaN], [23, NaN], [24, NaN], [25, NaN], [26, NaN], [27, NaN], [28, NaN], [29, NaN], [30, NaN], [31, NaN], [32, NaN], [33, NaN], [34, NaN], [35, NaN], [36, NaN], [37, NaN], [38, NaN], [39, NaN], [40, NaN], [41, NaN], [42, NaN], [43, NaN], [44, NaN], [45, NaN], [46, NaN], [47, NaN], [48, NaN], [49, NaN], [50, NaN]], "losses_centralized": [[0, 0.28844745337963107], [1, 0.18907417954653502], [2, 0.25975618498921393], [3, 0.3047682636943413], [4, 0.4499300424323068], [5, 0.48515330903221054], [6, 0.30911982485372574], [7, 0.29323674939871996], [8, 0.3406066839013233], [9, 0.304349899726086], [10, 0.22840789374378564], [11, 0.28683040499312623], [12, 0.30140218977844085], [13, 0.23150471630147076], [14, 0.3406935119180439], [15, NaN], [16, NaN], [17, NaN], [18, NaN], [19, NaN], [20, NaN], [21, NaN], [22, NaN], [23, NaN], [24, NaN], [25, NaN], [26, NaN], [27, NaN], [28, NaN], [29, NaN], [30, NaN], [31, NaN], [32, NaN], [33, NaN], [34, NaN], [35, NaN], [36, NaN], [37, NaN], [38, NaN], [39, NaN], [40, NaN], [41, NaN], [42, NaN], [43, NaN], [44, NaN], [45, NaN], [46, NaN], [47, NaN], [48, NaN], [49, NaN], [50, NaN]], "metrics_distributed_fit": {"train_loss": [[1, 1419751993.3383226], [2, 583155.5062779925], [3, 24.096029764775217], [4, 500432437203.27435], [5, 163.48539220749694], [6, 5950733.666645012], [7, 36.86403103347633], [8, 874907813.906709], [9, 3280.7060734391303], [10, 1712938.8878839323], [11, 251260924.90975094], [12, 96181.55520391405], [13, 608.2923942949282], [14, 3171523365.8759727], [15, NaN], [16, NaN], [17, NaN], [18, NaN], [19, NaN], [20, NaN], [21, NaN], [22, NaN], [23, NaN], [24, NaN], [25, NaN], [26, NaN], [27, NaN], [28, NaN], [29, NaN], [30, NaN], [31, NaN], [32, NaN], [33, NaN], [34, NaN], [35, NaN], [36, NaN], [37, NaN], [38, NaN], [39, NaN], [40, NaN], [41, NaN], [42, NaN], [43, NaN], [44, NaN], [45, NaN], [46, NaN], [47, NaN], [48, NaN], [49, NaN], [50, NaN]], "train_accuracy": [[1, 18.149882463563706], [2, 18.498215429669624], [3, 18.744571321602397], [4, 18.761657068549138], [5, 18.92960454046137], [6, 17.322412993039443], [7, 18.628509515733935], [8, 18.43394299507938], [9, 17.83698296836983], [10, 19.030223390275953], [11, 18.60600923047942], [12, 17.975217310893285], [13, 19.16708206406351], [14, 18.857549334557135], [15, 16.742336901820842], [16, 0.0], [17, 0.0], [18, 0.0], [19, 0.0], [20, 0.0], [21, 0.0], [22, 0.0], [23, 0.0], [24, 0.0], [25, 0.0], [26, 0.0], [27, 0.0], [28, 0.0], [29, 0.0], [30, 0.0], [31, 0.0], [32, 0.0], [33, 0.0], [34, 0.0], [35, 0.0], [36, 0.0], [37, 0.0], [38, 0.0], [39, 0.0], [40, 0.0], [41, 0.0], [42, 0.0], [43, 0.0], [44, 0.0], [45, 0.0], [46, 0.0], [47, 0.0], [48, 0.0], [49, 0.0], [50, 0.0]]}, "metrics_distributed": {"test_accuracy": [[1, 0.49445865302642794], [2, 0.3855932203389831], [3, 0.6669463087248322], [4, 0.4851316907391674], [5, 0.6649789029535865], [6, 0.6567796610169492], [7, 0.6502092050209205], [8, 0.707874682472481], [9, 0.6680743243243243], [10, 0.7122241086587436], [11, 0.7180355630821338], [12, 0.7366638441998307], [13, 0.7510803802938635], [14, 0.7221283783783784], [15, 0.0], [16, 0.0], [17, 0.0], [18, 0.0], [19, 0.0], [20, 0.0], [21, 0.0], [22, 0.0], [23, 0.0], [24, 0.0], [25, 0.0], [26, 0.0], [27, 0.0], [28, 0.0], [29, 0.0], [30, 0.0], [31, 0.0], [32, 0.0], [33, 0.0], [34, 0.0], [35, 0.0], [36, 0.0], [37, 0.0], [38, 0.0], [39, 0.0], [40, 0.0], [41, 0.0], [42, 0.0], [43, 0.0], [44, 0.0], [45, 0.0], [46, 0.0], [47, 0.0], [48, 0.0], [49, 0.0], [50, 0.0]]}, "metrics_centralized": {"test_accuracy": [[0, 0.0672], [1, 0.5039], [2, 0.3904], [3, 0.6743], [4, 0.4801], [5, 0.6464], [6, 0.6527], [7, 0.6439], [8, 0.6834], [9, 0.6753], [10, 0.7037], [11, 0.7312], [12, 0.7162], [13, 0.6901], [14, 0.7025], [15, 0.0], [16, 0.0], [17, 0.0], [18, 0.0], [19, 0.0], [20, 0.0], [21, 0.0], [22, 0.0], [23, 0.0], [24, 0.0], [25, 0.0], [26, 0.0], [27, 0.0], [28, 0.0], [29, 0.0], [30, 0.0], [31, 0.0], [32, 0.0], [33, 0.0], [34, 0.0], [35, 0.0], [36, 0.0], [37, 0.0], [38, 0.0], [39, 0.0], [40, 0.0], [41, 0.0], [42, 0.0], [43, 0.0], [44, 0.0], [45, 0.0], [46, 0.0], [47, 0.0], [48, 0.0], [49, 0.0], [50, 0.0]]}, "use_wandb": false}