{"losses_distributed": [[1, 0.2898835927856212], [2, 0.2521721102753464], [3, 0.22747078090906142], [4, 0.21639934322055504], [5, 0.22236127993282007], [6, 0.21313516657267298], [7, 0.22219722736246733], [8, 0.21778437358384228], [9, 0.20647543553186923], [10, 0.21898021358920602], [11, 0.20172843973399426], [12, 0.20620412049548967], [13, 0.2200987629896524], [14, 0.19685483279124816], [15, 0.2137414895786847], [16, 0.22280769612336038], [17, 0.1871583022060507], [18, 0.2423297683423271], [19, 0.215898948915336], [20, 0.18847115775576212], [21, 0.19861359008735197], [22, 0.20172491782363886], [23, 0.21265516962799036], [24, 0.20863205584844727], [25, 0.19200879721854794], [26, 0.16538504821554834], [27, 0.19846791694052424], [28, 0.20034517580500746], [29, 0.18858536484613253], [30, 0.19554025691040622], [31, 0.18464221612155932], [32, 0.20346760922681767], [33, 0.1906558985337235], [34, 0.1955693627173694], [35, 0.19629799575278803], [36, 0.19637831018819493], [37, 0.20286272132902272], [38, 0.18732330966117194], [39, 0.1941230691200816], [40, 0.19492011565658054], [41, 0.2020055374222076], [42, 0.19278019823190964], [43, 0.2031045680388996], [44, 0.18498656362371177], [45, 0.20842840233087132], [46, 0.19405730571182045], [47, 0.1905167655951619], [48, 0.16840927326147165], [49, 0.20512041475110668], [50, 0.17953060851052252]], "losses_centralized": [[0, 0.28783580391407015], [1, 0.24913123221397399], [2, 0.21128804922699929], [3, 0.1932038562655449], [4, 0.18617441370487214], [5, 0.17961370912492275], [6, 0.18027773951590062], [7, 0.18027773951590062], [8, 0.17542742355763913], [9, 0.17487689724266528], [10, 0.17487689724266528], [11, 0.17487689724266528], [12, 0.17814708414673805], [13, 0.17491886983513832], [14, 0.17475674251168966], [15, 0.17523256632201373], [16, 0.17434166167899967], [17, 0.16913928354308008], [18, 0.17362581630721688], [19, 0.17345878575183452], [20, 0.17184631382599472], [21, 0.1724778361417353], [22, 0.1693102731257677], [23, 0.17023467072024942], [24, 0.16657077172826976], [25, 0.16541940359026194], [26, 0.16505703658070414], [27, 0.16671006937883795], [28, 0.16570762606542558], [29, 0.16056214949321002], [30, 0.16437014069836586], [31, 0.16059231299366802], [32, 0.1634082933690399], [33, 0.16004617298040538], [34, 0.16220947335250677], [35, 0.15826340763643384], [36, 0.15824094929881394], [37, 0.15839507591370494], [38, 0.1599811841417104], [39, 0.15713647835720332], [40, 0.15516038771010934], [41, 0.15809825379736722], [42, 0.15702966532073914], [43, 0.15666737756375224], [44, 0.15483310936111958], [45, 0.15940763077838346], [46, 0.15491541695045308], [47, 0.15414150655027478], [48, 0.15414150655027478], [49, 0.15942184361359105], [50, 0.15483323883116246]], "metrics_distributed_fit": {"train_loss": [[1, 0.4987579750194695], [2, 0.4141269561516122], [3, 0.33184341647014026], [4, 0.26057276018193454], [5, 0.21033387710670998], [6, 0.15805075070035773], [8, 0.1394530112792373], [9, 0.12174174330080462], [12, 0.09366906184491912], [13, 0.07409786957903712], [14, 0.06551736015853724], [15, 0.04198445273066102], [16, 0.03520615865801385], [17, 0.04579535525653837], [18, 0.023201724178707805], [19, 0.018804587626672965], [20, 0.010836149429873185], [21, 0.014698551275486709], [22, 0.012991258551163145], [23, 0.007659438034773922], [24, 0.010869343589063284], [25, 0.010243996207593257], [26, 0.00774189159899915], [27, 0.000947451806548602], [28, 0.004052632596710954], [29, 0.008999403214513355], [30, 0.0026535785942665203], [31, 0.013149540939963627], [32, 0.006660432901191054], [33, 0.00679416029739041], [34, 0.0013508448317912259], [35, 0.004528988498919195], [36, 0.007836666558006543], [37, 0.0015376576922393507], [38, 0.005840913413428617], [39, 0.0031627164500429477], [40, 0.009839844049908713], [41, 0.0030146209790672227], [42, 0.0065264102634428394], [43, 0.004878559183764867], [44, 0.00941844711697222], [45, 0.002133559142606355], [46, 0.004225523005187599], [47, 0.0030913893285623335], [49, 0.0034523168256699534], [50, 0.008690221719176204]], "train_accuracy": [[1, 0.25924266188662337], [2, 0.3701255042581802], [3, 0.5100325075664163], [4, 0.6234173669467787], [5, 0.7071012544802867], [6, 0.7860345214077561], [8, 0.8237272931150482], [9, 0.851299865531152], [12, 0.8866233475240869], [13, 0.9130873612201413], [14, 0.9239386131959225], [15, 0.9497982967279247], [16, 0.9576565475523692], [17, 0.9498991257565568], [18, 0.9754676823120869], [19, 0.9784825731256304], [20, 0.9889001009081736], [21, 0.9834117910782336], [22, 0.9857639278107836], [23, 0.9929380114336958], [24, 0.9883408071748879], [25, 0.9899148363962349], [26, 0.992487947079269], [27, 0.9996640161272259], [28, 0.9961926091825308], [29, 0.9914884085563893], [30, 0.9973100201748487], [31, 0.9877843774515298], [32, 0.9922715053763441], [33, 0.9928243076578092], [34, 0.9993271279578334], [35, 0.9948470930883836], [36, 0.9926008968609865], [37, 0.9989910313901346], [38, 0.9937268959336844], [39, 0.9969727547931383], [40, 0.9890097566446114], [41, 0.9971976235847999], [42, 0.9934999439650342], [43, 0.9952956989247311], [44, 0.9891340875994175], [45, 0.9983189510254399], [46, 0.9966390320412278], [47, 0.9976473224288596], [49, 0.9976467951591215], [50, 0.9906981956741007]]}, "metrics_distributed": {"test_accuracy": [[1, 0.24693877551020407], [2, 0.35714285714285715], [3, 0.4326530612244898], [4, 0.45], [5, 0.4714285714285714], [6, 0.49489795918367346], [7, 0.5010204081632653], [8, 0.5346938775510204], [9, 0.5255102040816326], [10, 0.5346938775510204], [11, 0.5459183673469388], [12, 0.5489795918367347], [13, 0.5244897959183673], [14, 0.5530612244897959], [15, 0.563265306122449], [16, 0.539795918367347], [17, 0.5806122448979592], [18, 0.5408163265306123], [19, 0.5755102040816327], [20, 0.5877551020408164], [21, 0.5959183673469388], [22, 0.5857142857142857], [23, 0.5918367346938775], [24, 0.5938775510204082], [25, 0.6091836734693877], [26, 0.6285714285714286], [27, 0.6153061224489796], [28, 0.6081632653061224], [29, 0.6071428571428571], [30, 0.5989795918367347], [31, 0.6], [32, 0.6051020408163266], [33, 0.6010204081632653], [34, 0.6275510204081632], [35, 0.6214285714285714], [36, 0.6122448979591837], [37, 0.5959183673469388], [38, 0.6163265306122448], [39, 0.6336734693877552], [40, 0.6275510204081632], [41, 0.6244897959183674], [42, 0.6173469387755102], [43, 0.6010204081632653], [44, 0.6234693877551021], [45, 0.6142857142857143], [46, 0.6275510204081632], [47, 0.6091836734693877], [48, 0.6520408163265307], [49, 0.6265306122448979], [50, 0.639795918367347]]}, "metrics_centralized": {"test_accuracy": [[0, 0.1], [1, 0.2639], [2, 0.3834], [3, 0.4271], [4, 0.4631], [5, 0.4836], [6, 0.5035], [7, 0.5035], [8, 0.5208], [9, 0.5365], [10, 0.5365], [11, 0.5365], [12, 0.5496], [13, 0.5598], [14, 0.568], [15, 0.5781], [16, 0.5799], [17, 0.5885], [18, 0.5917], [19, 0.5942], [20, 0.5973], [21, 0.6007], [22, 0.602], [23, 0.6051], [24, 0.6107], [25, 0.6123], [26, 0.6142], [27, 0.6157], [28, 0.6212], [29, 0.6224], [30, 0.6242], [31, 0.6233], [32, 0.6241], [33, 0.6301], [34, 0.6309], [35, 0.632], [36, 0.6332], [37, 0.6365], [38, 0.6372], [39, 0.6414], [40, 0.6386], [41, 0.6406], [42, 0.6424], [43, 0.6475], [44, 0.6434], [45, 0.6467], [46, 0.6455], [47, 0.6477], [48, 0.6477], [49, 0.6456], [50, 0.644]]}, "use_wandb": false}