{"losses_distributed": [[1, 0.303172789735997], [2, 0.3071899381759283], [3, 0.29450161580237744], [4, 0.2766913322241031], [5, 0.2741030400496903], [6, 0.26910893941983854], [7, 0.2594568693904072], [8, 0.2468386288954369], [9, 0.24320301833360092], [10, 0.22314345006325945], [11, 0.20556162981162393], [12, 0.18973359315953356], [13, 0.1921307003632953], [14, 0.1864739364132496], [15, 0.192616135656384], [16, 0.17954452494575396], [17, 0.15871313724615801], [18, 0.16211490276803328], [19, 0.16360264744480485], [20, 0.16529602500301704], [21, 0.15169049996682255], [22, 0.1466743135039745], [23, 0.13831799399554473], [24, 0.15987392978481826], [25, 0.14657209975378854], [26, 0.12751837753235026], [27, 0.12707863115419166], [28, 0.15184493516023295], [29, 0.1457228955917421], [30, 0.129106070487872], [31, 0.1301223072991628], [32, 0.1288800293272119], [33, 0.1364459418890762], [34, 0.14169396388153863], [35, 0.11456689186904356], [36, 0.12419804786726579], [37, 0.1160242842978459], [38, 0.1277212697628477], [39, 0.12824122166755247], [40, 0.12813913328055707], [41, 0.1197035967217266], [42, 0.11725213411566499], [43, 0.12060000351240803], [44, 0.11588299887284599], [45, 0.11811694185431948], [46, 0.10537173949092267], [47, 0.12372176073145766], [48, 0.1164720591652128], [49, 0.10916305783644742], [50, 0.11192886583183123]], "losses_centralized": [[0, 0.2882088238239288], [1, 0.2863540282845497], [2, 0.2835531271457672], [3, 0.2738096193909645], [4, 0.26604439554214476], [5, 0.25583261017799375], [6, 0.24842454167604447], [7, 0.23646875165700912], [8, 0.2274019090771675], [9, 0.21959518842697143], [10, 0.20891223602294923], [11, 0.19976644155979156], [12, 0.18764093276262284], [13, 0.18514829264879226], [14, 0.17502166252732276], [15, 0.17031727727651597], [16, 0.16731482787132262], [17, 0.15913119156360625], [18, 0.15744467730522155], [19, 0.14970647780299187], [20, 0.14856947448849678], [21, 0.14609451927542685], [22, 0.13959366689920424], [23, 0.13736292494535446], [24, 0.13669042845368384], [25, 0.13529395753145218], [26, 0.13435145549178124], [27, 0.13079046278595924], [28, 0.12925599328875542], [29, 0.12981109259426593], [30, 0.12409572722017766], [31, 0.12508829302191735], [32, 0.12390464902520179], [33, 0.11841276780664921], [34, 0.11918767091929913], [35, 0.11764783053398133], [36, 0.11851430184543132], [37, 0.11458011543750762], [38, 0.1143067851781845], [39, 0.11397591705322266], [40, 0.11457747537791729], [41, 0.11311633570492267], [42, 0.11149001589417458], [43, 0.11036117162406445], [44, 0.10729411884248256], [45, 0.10926499374508858], [46, 0.10640894932746887], [47, 0.11002678228616715], [48, 0.10507975303530694], [49, 0.10515067195892334], [50, 0.10881713958084584]], "metrics_distributed_fit": {"train_loss": [[1, 0.3305547298477095], [2, 0.30606236816695775], [3, 0.2986543631969713], [4, 0.3013397286603503], [5, 0.3034867465796558], [6, 0.2561574460759264], [7, 0.24903333610281975], [8, 0.21670984234587531], [9, 0.1999451927420812], [10, 0.21362919038369182], [11, 0.19137259930204809], [12, 0.20617933548515321], [13, 0.18750309621973799], [14, 0.1825205848455505], [15, 0.1876462041132477], [16, 0.16823489449961826], [17, 0.1534011281229626], [18, 0.17559234107514246], [19, 0.15771305805734717], [20, 0.14206870516366532], [21, 0.14007246588543815], [22, 0.13614816307231173], [23, 0.1369597621439013], [24, 0.1387552591806153], [25, 0.11567787941650617], [26, 0.1106830526641959], [27, 0.1073113934430246], [28, 0.12642209696112744], [29, 0.126959810780554], [30, 0.1057195332617846], [31, 0.1211432298176383], [32, 0.12150598058478967], [33, 0.11147307110042971], [34, 0.09764020769781603], [35, 0.1105410046071439], [36, 0.11945889363752073], [37, 0.10384462391933297], [38, 0.11351370992575548], [39, 0.08832514594255225], [40, 0.1021671113436599], [41, 0.10819579323049552], [42, 0.113892323987625], [43, 0.09456899301938193], [44, 0.10670389552172777], [45, 0.10031381683152775], [46, 0.10099616266178944], [47, 0.11040696845558043], [48, 0.09394813481137645], [49, 0.105860037271349], [50, 0.08593540788486272]], "train_accuracy": [[1, 0.6527279253409907], [2, 0.6631681935426488], [3, 0.6874229930812246], [4, 0.7016453382084095], [5, 0.6791368262344516], [6, 0.7550197035091012], [7, 0.7543294030950627], [8, 0.8085629921259843], [9, 0.840614811364695], [10, 0.7758161816891412], [11, 0.8338951310861423], [12, 0.814910500092268], [13, 0.8270314488274859], [14, 0.8318028911719247], [15, 0.8334554781971418], [16, 0.858216572329962], [17, 0.884665306879288], [18, 0.8332249372851436], [19, 0.8672649976381672], [20, 0.8751033912324235], [21, 0.8753002032144837], [22, 0.8836701774361894], [23, 0.8746561525765634], [24, 0.8705937794533459], [25, 0.907577334216252], [26, 0.9100146555935515], [27, 0.9080448839863066], [28, 0.8840646227281073], [29, 0.8786206896551724], [30, 0.9127306273062731], [31, 0.8868599743072123], [32, 0.8916330171847122], [33, 0.8948866331467603], [34, 0.9248282999341424], [35, 0.8932029965284122], [36, 0.8842409638554217], [37, 0.9054331590739357], [38, 0.8922618493342025], [39, 0.9310779371849555], [40, 0.9066169617893756], [41, 0.888094317742559], [42, 0.8887145889083695], [43, 0.9194884063305115], [44, 0.8938490214352284], [45, 0.9092702169625246], [46, 0.8974120275553901], [47, 0.8821852294674882], [48, 0.9146341463414634], [49, 0.8965101169482087], [50, 0.933252427184466]]}, "metrics_distributed": {"test_accuracy": [[1, 0.11148936170212766], [2, 0.1354895104895105], [3, 0.3975481611208406], [4, 0.3948462177888612], [5, 0.5231441048034935], [6, 0.3516100957354221], [7, 0.40612076095947064], [8, 0.5465994962216625], [9, 0.34], [10, 0.4966832504145937], [11, 0.6140350877192983], [12, 0.6476595744680851], [13, 0.5961705831157529], [14, 0.6536219816819318], [15, 0.5850796311818944], [16, 0.634020618556701], [17, 0.6952054794520548], [18, 0.674055829228243], [19, 0.6441251056635672], [20, 0.6259477674810446], [21, 0.6754910333048676], [22, 0.7213842058562555], [23, 0.7515099223468508], [24, 0.5846905537459284], [25, 0.6391836734693878], [26, 0.7276595744680852], [27, 0.7609233305853257], [28, 0.64578111946533], [29, 0.6316652994257588], [30, 0.7362542955326461], [31, 0.6776094276094277], [32, 0.6781223805532272], [33, 0.6881810561609388], [34, 0.6131447587354409], [35, 0.7869822485207101], [36, 0.7008474576271186], [37, 0.7680140597539543], [38, 0.7127659574468085], [39, 0.6632653061224489], [40, 0.6736111111111112], [41, 0.6909693454846727], [42, 0.7238095238095238], [43, 0.6730769230769231], [44, 0.7468460891505467], [45, 0.6783575705731394], [46, 0.7751004016064257], [47, 0.6717299578059072], [48, 0.7122835943940643], [49, 0.7212020033388982], [50, 0.7069565217391305]]}, "metrics_centralized": {"test_accuracy": [[0, 0.073], [1, 0.1], [2, 0.1625], [3, 0.3877], [4, 0.3672], [5, 0.5213], [6, 0.3682], [7, 0.4322], [8, 0.5976], [9, 0.399], [10, 0.4962], [11, 0.5472], [12, 0.5976], [13, 0.4911], [14, 0.6451], [15, 0.6347], [16, 0.6095], [17, 0.6268], [18, 0.6329], [19, 0.6596], [20, 0.6551], [21, 0.6632], [22, 0.6873], [23, 0.6944], [24, 0.6948], [25, 0.6768], [26, 0.6676], [27, 0.6789], [28, 0.6804], [29, 0.6487], [30, 0.691], [31, 0.6698], [32, 0.6761], [33, 0.7195], [34, 0.699], [35, 0.7193], [36, 0.7068], [37, 0.7295], [38, 0.7339], [39, 0.6902], [40, 0.7128], [41, 0.7053], [42, 0.707], [43, 0.7], [44, 0.7464], [45, 0.694], [46, 0.7401], [47, 0.703], [48, 0.7333], [49, 0.7386], [50, 0.7073]]}, "use_wandb": false}