{"losses_distributed": [[1, 0.30348919969923954], [2, 0.3050531364612646], [3, 0.29454984451968697], [4, 0.2788531753487718], [5, 0.2760814804177097], [6, 0.2726481544961091], [7, 0.2646063807781715], [8, 0.25241440839871554], [9, 0.24976643261702164], [10, 0.22992508822610327], [11, 0.21251616113466726], [12, 0.19532280125516527], [13, 0.19757506129428343], [14, 0.19132839283478648], [15, 0.19763448796947763], [16, 0.18389199684370833], [17, 0.16290798191338368], [18, 0.1657200238387573], [19, 0.16698516090341473], [20, 0.16822652447193534], [21, 0.15495306037105525], [22, 0.1493704377176916], [23, 0.1412417101541195], [24, 0.16274973822921418], [25, 0.1483931514681602], [26, 0.12969521045684815], [27, 0.13114709121475315], [28, 0.15427610454901916], [29, 0.14681574438222614], [30, 0.13190302586893446], [31, 0.1310954227391317], [32, 0.13109320811833639], [33, 0.1381823182705562], [34, 0.1431859233563831], [35, 0.11747711165064186], [36, 0.12637791810399396], [37, 0.11714136933086207], [38, 0.1293879752024496], [39, 0.1300004430774118], [40, 0.12897635112232012], [41, 0.12134714692510053], [42, 0.118083355953167], [43, 0.12182721729860657], [44, 0.11783258446482071], [45, 0.11972427243244148], [46, 0.1073040232600936], [47, 0.12537670449239796], [48, 0.11867435341616456], [49, 0.1100674301435633], [50, 0.11454123797624008]], "losses_centralized": [[0, 0.28782366318702696], [1, 0.28602484266757966], [2, 0.2829693235754967], [3, 0.2745652006864548], [4, 0.26727179160118103], [5, 0.2582021075129509], [6, 0.2518089261174202], [7, 0.24116255007982254], [8, 0.23287240955829622], [9, 0.22550972133874894], [10, 0.21508274154663085], [11, 0.20609419243335725], [12, 0.1930958205461502], [13, 0.19020299592018128], [14, 0.1798699748158455], [15, 0.17487949361205102], [16, 0.17164068925976753], [17, 0.16291942766308784], [18, 0.16072173652648925], [19, 0.152738225543499], [20, 0.15151498349905013], [21, 0.1487900457561016], [22, 0.14213919789195062], [23, 0.13983734257221223], [24, 0.13919173889756203], [25, 0.13721166472434998], [26, 0.13647280399203301], [27, 0.1329056791305542], [28, 0.13151771647334098], [29, 0.13158727947473525], [30, 0.12573901939988136], [31, 0.1266278943389654], [32, 0.12568653328716756], [33, 0.12014795090556145], [34, 0.12077626766562462], [35, 0.11946290385723114], [36, 0.12021154579520225], [37, 0.11612024011313915], [38, 0.11580177485346795], [39, 0.11546365744769574], [40, 0.1161854334950447], [41, 0.11481214207410813], [42, 0.11294133769869805], [43, 0.11143677084445953], [44, 0.10886190972328186], [45, 0.1104180361777544], [46, 0.10788046696186065], [47, 0.11146435704231263], [48, 0.10674135829210281], [49, 0.10661893652081489], [50, 0.11067709782719612]], "metrics_distributed_fit": {"train_loss": [[1, 0.3286235064544902], [2, 0.30454966940272693], [3, 0.29751978827736275], [4, 0.3020427811727391], [5, 0.3065068213373726], [6, 0.26116388889585723], [7, 0.25465396734938717], [8, 0.22454738935059684], [9, 0.2081857734931087], [10, 0.2218863367498968], [11, 0.19987052791657742], [12, 0.21441379286146708], [13, 0.19347231823682157], [14, 0.18967506093649508], [15, 0.19373927282469094], [16, 0.17385054542097586], [17, 0.1589508252940214], [18, 0.18041055926138125], [19, 0.1626116697823855], [20, 0.1456303618433718], [21, 0.14402973858452747], [22, 0.13935597685280318], [23, 0.1395336879151208], [24, 0.14159604940180728], [25, 0.11821625282752368], [26, 0.113666914784885], [27, 0.1100913142741503], [28, 0.1293698753115205], [29, 0.12963923764297333], [30, 0.10843951935395324], [31, 0.12397499848584458], [32, 0.12399037016207766], [33, 0.11442193351477489], [34, 0.09940004135485606], [35, 0.11267813328963618], [36, 0.1218284252350589], [37, 0.10647695938325567], [38, 0.11557085250817993], [39, 0.09055211696495345], [40, 0.10468597231035269], [41, 0.11081525258853842], [42, 0.11643953457209329], [43, 0.09660382045639962], [44, 0.1089657393556682], [45, 0.1027998630501693], [46, 0.10321219016564967], [47, 0.11241328796998981], [48, 0.09584133161292922], [49, 0.1085010860516379], [50, 0.08806179043946613]], "train_accuracy": [[1, 0.6554199569274947], [2, 0.6609445877434849], [3, 0.6876125485735949], [4, 0.7014625228519196], [5, 0.673671315491896], [6, 0.7443235128541941], [7, 0.737656595431098], [8, 0.790255905511811], [9, 0.8302748020493712], [10, 0.7583392476933996], [11, 0.8226591760299625], [12, 0.8065141169957557], [13, 0.8216687874931831], [14, 0.8210746431493772], [15, 0.8236533528765115], [16, 0.8540410132689988], [17, 0.8796588169849805], [18, 0.8253275109170306], [19, 0.8632971185640057], [20, 0.8721624850657109], [21, 0.8728062072787733], [22, 0.8845241484011765], [23, 0.8756647716853109], [24, 0.8688030160226202], [25, 0.9078611295052502], [26, 0.9069858329262335], [27, 0.9052871814378091], [28, 0.882412337066275], [29, 0.8749425287356322], [30, 0.9095018450184502], [31, 0.8841989355845109], [32, 0.8904122452812471], [33, 0.8920406033583151], [34, 0.9240756421112052], [35, 0.8918326329252695], [36, 0.8829879518072289], [37, 0.9027259148618372], [38, 0.891796256634696], [39, 0.9298177588212485], [40, 0.9057781919850886], [41, 0.8867413993042134], [42, 0.8855771892590201], [43, 0.9197644460802356], [44, 0.8932898415657037], [45, 0.9079552925706772], [46, 0.8948054366039844], [47, 0.8784144210429504], [48, 0.9123475609756098], [49, 0.8950250603304251], [50, 0.9301717699775952]]}, "metrics_distributed": {"test_accuracy": [[1, 0.11148936170212766], [2, 0.11800699300699301], [3, 0.4649737302977233], [4, 0.33665835411471323], [5, 0.45676855895196505], [6, 0.31070496083550914], [7, 0.24317617866004962], [8, 0.4995801847187238], [9, 0.3130434782608696], [10, 0.5149253731343284], [11, 0.5939849624060151], [12, 0.6646808510638298], [13, 0.5926892950391645], [14, 0.6627810158201499], [15, 0.5708298407376362], [16, 0.6219931271477663], [17, 0.6883561643835616], [18, 0.6625615763546798], [19, 0.6466610312764159], [20, 0.6107834877843302], [21, 0.6584116140051238], [22, 0.7116237799467613], [23, 0.7471958584987057], [24, 0.5757328990228013], [25, 0.6326530612244898], [26, 0.7131914893617022], [27, 0.7502061005770816], [28, 0.6357560568086884], [29, 0.6218211648892535], [30, 0.7353951890034365], [31, 0.6708754208754208], [32, 0.6739312657166806], [33, 0.6697401508801342], [34, 0.6089850249584027], [35, 0.7827557058326289], [36, 0.7008474576271186], [37, 0.7644991212653779], [38, 0.6947626841243862], [39, 0.6607142857142857], [40, 0.6788194444444444], [41, 0.6917978458989229], [42, 0.7264069264069264], [43, 0.6714046822742475], [44, 0.7359125315391085], [45, 0.6800684345594525], [46, 0.7654618473895582], [47, 0.6641350210970464], [48, 0.7007419620774938], [49, 0.7245409015025042], [50, 0.7017391304347826]]}, "metrics_centralized": {"test_accuracy": [[0, 0.106], [1, 0.1], [2, 0.1319], [3, 0.3843], [4, 0.3429], [5, 0.4708], [6, 0.3039], [7, 0.2898], [8, 0.5336], [9, 0.3792], [10, 0.4916], [11, 0.5278], [12, 0.6049], [13, 0.4885], [14, 0.6427], [15, 0.6278], [16, 0.584], [17, 0.6163], [18, 0.6282], [19, 0.6601], [20, 0.6469], [21, 0.6512], [22, 0.686], [23, 0.689], [24, 0.6885], [25, 0.6717], [26, 0.6544], [27, 0.6756], [28, 0.6761], [29, 0.6389], [30, 0.6913], [31, 0.6645], [32, 0.6768], [33, 0.7146], [34, 0.6933], [35, 0.7157], [36, 0.707], [37, 0.7227], [38, 0.7242], [39, 0.6912], [40, 0.7109], [41, 0.7044], [42, 0.7019], [43, 0.6985], [44, 0.7381], [45, 0.6915], [46, 0.736], [47, 0.6995], [48, 0.7227], [49, 0.7277], [50, 0.696]]}, "use_wandb": false}