{"losses_distributed": [[1, 0.19108134965457574], [2, 0.10146713895817934], [3, 0.08764308834629721], [4, 0.07592599864925687], [5, 0.06892580542094978], [6, 0.0717619368964826], [7, 0.06913131085559569], [8, 0.06037215526824128], [9, 0.06273046132284091], [10, 0.05460708426605714], [11, 0.05881413510089905], [12, 0.05021877961445586], [13, 0.044234659030267486], [14, 0.05044222882251897], [15, 0.04875381470505574], [16, 0.0543518613571984], [17, 0.04417902227453123], [18, 0.043385728543525744], [19, 0.049104137342936525], [20, 0.0448699676935917], [21, 0.04602975757027438], [22, 0.03988539434212788], [23, 0.0494821793773308], [24, 0.04501002735952959], [25, 0.04160356198571222], [26, 0.0472585662936362], [27, 0.04016782566470457], [28, 0.03942121476095078], [29, 0.04301907882153949], [30, 0.04097584080750069], [31, 0.036717469168268506], [32, 0.03889599650233091], [33, 0.04338813374322439], [34, 0.03893603905481496], [35, 0.04381375268380686], [36, 0.035448906759639826], [37, 0.040005072335265096], [38, 0.04039805263643444], [39, 0.040057934168237025], [40, 0.036128704889588886], [41, 0.04202051563960323], [42, 0.03973511904798435], [43, 0.03747215021154188], [44, 0.03295173217551243], [45, 0.03549399528072685], [46, 0.029043996051050465], [47, 0.03864435062987529], [48, 0.03728238830513989], [49, 0.030149433381428736], [50, 0.03378490796081438]], "losses_centralized": [[0, 0.2879226866722107], [1, 0.17420703943371774], [2, 0.09949407921135425], [3, 0.08269713166430592], [4, 0.07438268557488918], [5, 0.06872414936888963], [6, 0.06529182933373377], [7, 0.06198875458617695], [8, 0.05913964049965143], [9, 0.057677965229423714], [10, 0.05540299147926271], [11, 0.05430350743713789], [12, 0.052705662854155524], [13, 0.05152166011594236], [14, 0.05061438180361874], [15, 0.048975744471978395], [16, 0.04804544402868487], [17, 0.04746207232237794], [18, 0.046227024762914515], [19, 0.04653407613642048], [20, 0.046049413488036955], [21, 0.04493301266692579], [22, 0.044622320045856756], [23, 0.04449469362271484], [24, 0.04439932201690972], [25, 0.043319631770497656], [26, 0.042464166514063255], [27, 0.041855175653507465], [28, 0.04264432936708908], [29, 0.04161912436012644], [30, 0.04237037092037499], [31, 0.04124103819052689], [32, 0.04037924802216003], [33, 0.04020250751560088], [34, 0.03975470508049475], [35, 0.039845007167255975], [36, 0.039418273011699784], [37, 0.03919833961750847], [38, 0.03927531111089047], [39, 0.03892361946591991], [40, 0.03827674550168449], [41, 0.03832246200538939], [42, 0.03829924479344627], [43, 0.037739747974782946], [44, 0.0380372057753033], [45, 0.038247523977141824], [46, 0.03753700276698801], [47, 0.0371892612790165], [48, 0.037418584536662094], [49, 0.036847227843146535], [50, 0.03698249331797124]], "metrics_distributed_fit": {"train_loss": [[1, 0.3198732708670115], [2, 0.22750208209030165], [3, 0.1700396245939604], [4, 0.1602751476095045], [5, 0.1364964171199652], [6, 0.12761859114182322], [7, 0.11121542340132494], [8, 0.1147697819851373], [9, 0.11415299620442743], [10, 0.09459436674931036], [11, 0.09550572352726354], [12, 0.09847493629333577], [13, 0.10385093244236604], [14, 0.0960269481893608], [15, 0.1002855406872093], [16, 0.09462662728644261], [17, 0.08428820051879911], [18, 0.0869873952452759], [19, 0.08126142831691896], [20, 0.08062971821314727], [21, 0.08564010815667206], [22, 0.07827659772125756], [23, 0.08226069712679097], [24, 0.08176621392914772], [25, 0.08044777506287613], [26, 0.07405921874666715], [27, 0.07658814447504515], [28, 0.0767587033231099], [29, 0.0711590921991823], [30, 0.06635656550641494], [31, 0.07431569672559693], [32, 0.07109478343427496], [33, 0.07260203605130479], [34, 0.07040788351683862], [35, 0.06600211513491137], [36, 0.06334914170964134], [37, 0.06816236491268376], [38, 0.0685132642184199], [39, 0.06797623303661658], [40, 0.06443810259302228], [41, 0.0574292604547344], [42, 0.06955924755424343], [43, 0.06707170938293694], [44, 0.0643611916439425], [45, 0.05167188279304354], [46, 0.05637776966766243], [47, 0.059528545839124127], [48, 0.050422914065087684], [49, 0.06267847631761908], [50, 0.06156944403314888]], "train_accuracy": [[1, 0.5675599435825106], [2, 0.6767639791342546], [3, 0.7560838637214526], [4, 0.7715028794352592], [5, 0.7963200292932991], [6, 0.817169373549884], [7, 0.8371961560203505], [8, 0.8371553244824065], [9, 0.8369829683698297], [10, 0.8665290031912897], [11, 0.865121974192333], [12, 0.8571296467542076], [13, 0.8535954952460075], [14, 0.8627810922441487], [15, 0.8538750114374599], [16, 0.8611623616236163], [17, 0.875611132004513], [18, 0.8748240593037441], [19, 0.8845213466240361], [20, 0.8824079267152739], [21, 0.8763541277549496], [22, 0.8893534002229655], [23, 0.8823639423976062], [24, 0.8824935638102244], [25, 0.8832219817446127], [26, 0.8950108870586008], [27, 0.8857543204110229], [28, 0.8914365933551708], [29, 0.9016990291262136], [30, 0.9066452709080611], [31, 0.8942086364054875], [32, 0.896008207423988], [33, 0.8941012540640966], [34, 0.8970794065503406], [35, 0.9089892873777363], [36, 0.9110273327049953], [37, 0.8998319641523524], [38, 0.9010140478184017], [39, 0.9007270693512305], [40, 0.9093271461716937], [41, 0.9193654990085922], [42, 0.8991767644066229], [43, 0.9020404394792725], [44, 0.904796511627907], [45, 0.9280061027939354], [46, 0.9208980674497916], [47, 0.9149532710280374], [48, 0.9287273417481257], [49, 0.9085084330538019], [50, 0.9113534675615212]]}, "metrics_distributed": {"test_accuracy": [[1, 0.6035805626598465], [2, 0.6855932203389831], [3, 0.7466442953020134], [4, 0.7935429056924383], [5, 0.8168776371308016], [6, 0.7966101694915254], [7, 0.802510460251046], [8, 0.8331922099915327], [9, 0.8217905405405406], [10, 0.8556876061120543], [11, 0.838272650296359], [12, 0.8653683319220999], [13, 0.8833189282627485], [14, 0.8581081081081081], [15, 0.8727885425442291], [16, 0.8511166253101737], [17, 0.8865979381443299], [18, 0.878448275862069], [19, 0.8660488626790227], [20, 0.8737201365187713], [21, 0.8656093489148581], [22, 0.8911739502999143], [23, 0.865025466893039], [24, 0.8746887966804979], [25, 0.8972835314091681], [26, 0.86756077116513], [27, 0.898972602739726], [28, 0.8777219430485762], [29, 0.8859797297297297], [30, 0.8828522920203735], [31, 0.895458440445587], [32, 0.888135593220339], [33, 0.8897243107769424], [34, 0.896551724137931], [35, 0.8844221105527639], [36, 0.9126712328767124], [37, 0.8909710391822828], [38, 0.8904923599320883], [39, 0.8887945670628183], [40, 0.8926174496644296], [41, 0.8870151770657673], [42, 0.8866498740554156], [43, 0.887858347386172], [44, 0.9137489325362937], [45, 0.9006677796327212], [46, 0.9259574468085107], [47, 0.8914141414141414], [48, 0.8971088435374149], [49, 0.9127857747671465], [50, 0.9049621530698065]]}, "metrics_centralized": {"test_accuracy": [[0, 0.103], [1, 0.6172], [2, 0.6971], [3, 0.7602], [4, 0.7776], [5, 0.7988], [6, 0.8059], [7, 0.8151], [8, 0.8244], [9, 0.8316], [10, 0.8383], [11, 0.8469], [12, 0.8523], [13, 0.8519], [14, 0.856], [15, 0.8596], [16, 0.8613], [17, 0.8614], [18, 0.8647], [19, 0.8644], [20, 0.8658], [21, 0.8689], [22, 0.8685], [23, 0.8712], [24, 0.8709], [25, 0.8735], [26, 0.874], [27, 0.8775], [28, 0.8767], [29, 0.8799], [30, 0.8745], [31, 0.88], [32, 0.8816], [33, 0.8825], [34, 0.8839], [35, 0.882], [36, 0.8837], [37, 0.883], [38, 0.8837], [39, 0.886], [40, 0.8877], [41, 0.8885], [42, 0.8878], [43, 0.8873], [44, 0.8883], [45, 0.8881], [46, 0.8902], [47, 0.8916], [48, 0.8932], [49, 0.892], [50, 0.8914]]}, "use_wandb": false}