{"losses_distributed": [[1, 0.17008295464698617], [2, 0.09652490298879349], [3, 0.08579933391251107], [4, 0.07607212765719948], [5, 0.06929092061851283]], "losses_centralized": [[0, 0.2875842768907547], [1, 0.15469980443120002], [2, 0.09583265277296305], [3, 0.08066286098435521], [4, 0.07399276130348444], [5, 0.06862737163417042]], "metrics_distributed_fit": {"train_loss": [[1, 0.30454095157330086], [2, 0.21626711604804236], [3, 0.16568439948956232], [4, 0.1584822951787234], [5, 0.13710197912600272]], "train_accuracy": [[1, 0.5907851433944523], [2, 0.6928708703212226], [3, 0.7628229127667541], [4, 0.7756827048114434], [5, 0.7951299890150129]]}, "metrics_distributed": {"test_accuracy": [[1, 0.6197783461210571], [2, 0.7127118644067797], [3, 0.75251677852349], [4, 0.7901444350042481], [5, 0.809282700421941]]}, "metrics_centralized": {"test_accuracy": [[0, 0.0948], [1, 0.6304], [2, 0.7113], [3, 0.7623], [4, 0.7803], [5, 0.7954]]}, "use_wandb": false}