{"losses_distributed": [[1, 0.17968902446628124], [2, 0.0984362911748684], [3, 0.08630255746558284], [4, 0.07550164123288117], [5, 0.06848627831246547]], "losses_centralized": [[0, 0.28822580425739286], [1, 0.1622998189151287], [2, 0.09708697424083948], [3, 0.08092194691598416], [4, 0.0734708560578525], [5, 0.06801760123614221]], "metrics_distributed_fit": {"train_loss": [[1, 0.3146880555095359], [2, 0.21970140658318316], [3, 0.1668956090883693], [4, 0.15869311239832232], [5, 0.13652175474550524]], "train_accuracy": [[1, 0.577150916784203], [2, 0.6903084103596595], [3, 0.7632909022837888], [4, 0.7749396247445662], [5, 0.7981508604906628]]}, "metrics_distributed": {"test_accuracy": [[1, 0.6086956521739131], [2, 0.7050847457627119], [3, 0.74748322147651], [4, 0.7960917587085812], [5, 0.8151898734177215]]}, "metrics_centralized": {"test_accuracy": [[0, 0.0911], [1, 0.6177], [2, 0.7088], [3, 0.7638], [4, 0.7827], [5, 0.7999]]}, "use_wandb": false}