{"losses_distributed": [[1, 0.03774143060145434], [2, 0.038278326545274466], [3, 0.037745273163416034], [4, 0.037782177178660885], [5, 0.05794500690723786], [6, 0.04874884963554757], [7, 0.055503884787701255], [8, 0.07401665140307917], [9, 0.06378361256134595], [10, 0.0734481278681879], [11, 0.06231956717595105], [12, 0.08061307531812072], [13, 0.0743683354990081], [14, 0.07333682662084526], [15, 0.07399159352456401], [16, 0.07167769128043257], [17, 0.07714556840310018], [18, 0.09982407325593053], [19, 0.08973125906858395], [20, 0.10655687686807543], [21, 0.07949205035186056], [22, 0.1041480999466573], [23, 0.0796304413024371], [24, 0.09473406039245454], [25, 0.09215935447487937], [26, 0.12054703019191462], [27, 0.08779743816396353], [28, 0.09210553104653309], [29, 0.08585334615157549], [30, 0.1034603872275317], [31, 0.1034603872275317], [32, 0.10949115974079796], [33, 0.09933665717591733], [34, 0.09933665717591733], [35, 0.09933665717591733], [36, 0.11585101826798112], [37, 0.13324760733541138], [38, 0.15369489383156543], [39, 0.15369489383156543], [40, 0.15369489383156543], [41, 0.13516783963031828], [42, 0.28858818066120145], [43, 0.2881143950621287], [44, 0.2880689291556676], [45, 0.288118803024292], [46, 0.2881287708679835], [47, 0.2881152374744415], [48, 0.28809266940752665], [49, 0.2881121118068695], [50, 0.28808622193336486]], "losses_centralized": [[0, 0.2887480685710907], [1, 0.04149511118645314], [2, 0.042301472955605275], [3, 0.04203040659506005], [4, 0.04540021322656616], [5, 0.06743894026018361], [6, 0.057006170759083485], [7, 0.06418949679320353], [8, 0.0813249635555588], [9, 0.07017177205935943], [10, 0.07908758592924821], [11, 0.07017189334905258], [12, 0.09052184371971182], [13, 0.0890820433637191], [14, 0.08535081919759338], [15, 0.08638521794319177], [16, 0.07724053474920031], [17, 0.09088101691504441], [18, 0.10854563605079652], [19, 0.09622510230285919], [20, 0.11840196258830968], [21, 0.08325206536031643], [22, 0.11268604231465254], [23, 0.09500990369778521], [24, 0.10036803586864805], [25, 0.09969010041506703], [26, 0.12189829292434347], [27, 0.10013296768519506], [28, 0.10527487733461612], [29, 0.10000587999855383], [30, 0.10781350878895285], [31, 0.10781350878895285], [32, 0.11344454352008543], [33, 0.10399164199169604], [34, 0.10399164199169604], [35, 0.10399164199169604], [36, 0.13476774457455118], [37, 0.13456268170229743], [38, 0.17762538437866504], [39, 0.17762538437866504], [40, 0.17762538437866504], [41, 0.1439780186699726], [42, 0.2879858329772949], [43, 0.287987513923645], [44, 0.2879542736291885], [45, 0.28798293225765226], [46, 0.2879992009162903], [47, 0.2879824282646179], [48, 0.2879702172756195], [49, 0.2879862605571747], [50, 0.28796649351119996]], "metrics_distributed_fit": {"train_loss": [[1, 0.10466170016917405], [2, 0.0712725630266917], [3, 0.05879801738042227], [4, 0.05256959034752634], [5, 0.047995132237737104], [6, 0.04435666099862306], [7, 0.04322449640277016], [8, 0.04321616044822443], [9, 0.046384786446063996], [10, 0.043473741734104045], [11, 0.04537569621257885], [12, 0.047599109247838105], [13, 0.04971489955653455], [14, 0.054721394232364384], [15, 0.05972585488828552], [16, 0.053785877600477726], [17, 0.057728983788034795], [18, 0.06466082960266142], [19, 0.07353185034074215], [20, 0.08059522555361139], [21, 0.09395480391365155], [22, 0.08949801860945626], [23, 0.09432919346635037], [24, 0.13665346750200655], [25, 0.12369562008586622], [26, 0.17956196177723652], [27, 0.17070060103744505], [28, 0.14582557890072392], [29, 0.12673760203835416], [30, 0.16342813034623158], [32, 0.17717102103516663], [33, 0.1618470141649297], [36, 0.1667626551367268], [37, 0.18582430609442624], [38, 0.23081351668516728], [41, 0.2648065408090334], [42, 0.350492477026509], [43, 0.5765103356440862], [44, 0.5763419366103631], [45, 0.5763399788759372], [46, 0.576337059798064], [47, 0.5763535273295862], [48, 0.5763412949288332], [49, 0.5763334442332939], [50, 0.5763410531768093]], "train_accuracy": [[1, 0.8474444444444444], [2, 0.8952592592592593], [3, 0.9122222222222223], [4, 0.9228333333333333], [5, 0.9293148148148148], [6, 0.9353888888888889], [7, 0.9389259259259259], [8, 0.9396111111111111], [9, 0.9378703703703704], [10, 0.9412592592592592], [11, 0.9406481481481481], [12, 0.9408703703703704], [13, 0.9381666666666667], [14, 0.9353703703703704], [15, 0.9304074074074075], [16, 0.9346851851851852], [17, 0.9322592592592592], [18, 0.9273518518518519], [19, 0.9201481481481482], [20, 0.9142962962962963], [21, 0.8997592592592593], [22, 0.9051296296296296], [23, 0.8995185185185185], [24, 0.8680555555555556], [25, 0.8678888888888889], [26, 0.8299814814814814], [27, 0.8185], [28, 0.8391481481481482], [29, 0.8564814814814815], [30, 0.8354444444444444], [32, 0.8084074074074074], [33, 0.8204074074074074], [36, 0.8182407407407407], [37, 0.7991481481481482], [38, 0.762962962962963], [41, 0.7177407407407408], [42, 0.5554629629629629], [43, 0.09885185185185186], [44, 0.09888888888888889], [45, 0.09809259259259259], [46, 0.09848148148148148], [47, 0.0982962962962963], [48, 0.09927777777777778], [49, 0.09857407407407408], [50, 0.09775925925925925]]}, "metrics_distributed": {"test_accuracy": [[1, 0.888], [2, 0.8906666666666667], [3, 0.8878333333333334], [4, 0.9006666666666666], [5, 0.8773333333333333], [6, 0.8875], [7, 0.889], [8, 0.858], [9, 0.879], [10, 0.8771666666666667], [11, 0.8866666666666667], [12, 0.875], [13, 0.8878333333333334], [14, 0.873], [15, 0.883], [16, 0.874], [17, 0.8728333333333333], [18, 0.8698333333333333], [19, 0.8635], [20, 0.8301666666666667], [21, 0.8611666666666666], [22, 0.8515], [23, 0.862], [24, 0.8361666666666666], [25, 0.8393333333333334], [26, 0.7425], [27, 0.8293333333333334], [28, 0.8241666666666667], [29, 0.8391666666666666], [30, 0.7881666666666667], [31, 0.7881666666666667], [32, 0.7578333333333334], [33, 0.787], [34, 0.787], [35, 0.787], [36, 0.7773333333333333], [37, 0.7468333333333333], [38, 0.7535], [39, 0.7535], [40, 0.7535], [41, 0.6873333333333334], [42, 0.0935], [43, 0.0935], [44, 0.0935], [45, 0.0935], [46, 0.0935], [47, 0.0935], [48, 0.0935], [49, 0.0935], [50, 0.09916666666666667]]}, "metrics_centralized": {"test_accuracy": [[0, 0.0881], [1, 0.8782], [2, 0.8835], [3, 0.8869], [4, 0.8884], [5, 0.8671], [6, 0.8835], [7, 0.8866], [8, 0.8573], [9, 0.8746], [10, 0.8763], [11, 0.885], [12, 0.8686], [13, 0.8737], [14, 0.8643], [15, 0.8758], [16, 0.8692], [17, 0.8629], [18, 0.8621], [19, 0.8567], [20, 0.8228], [21, 0.8553], [22, 0.8469], [23, 0.853], [24, 0.8255], [25, 0.8396], [26, 0.7494], [27, 0.8238], [28, 0.8175], [29, 0.833], [30, 0.7795], [31, 0.7795], [32, 0.7545], [33, 0.7806], [34, 0.7806], [35, 0.7806], [36, 0.7664], [37, 0.7464], [38, 0.7558], [39, 0.7558], [40, 0.7558], [41, 0.6853], [42, 0.1], [43, 0.1], [44, 0.1], [45, 0.1], [46, 0.1], [47, 0.1], [48, 0.1], [49, 0.1], [50, 0.1]]}, "use_wandb": false}