{"losses_distributed": [[1, 0.2828599843573063], [2, 0.21766419114766422], [3, 0.15935536775405268], [4, 0.16406702118324223], [5, 0.12509176869059233], [6, 0.133941488596631], [7, 0.1281617583569857], [8, 0.11631406960018936], [9, 0.11565972903500432], [10, 0.12168876872479817], [11, 0.10963285361465655], [12, 0.08768226510983833], [13, 0.11126849449055676], [14, 0.09825128366508452], [15, 0.11124773541495067], [16, 0.09579911901650764], [17, 0.08698095208072193], [18, 0.09462553006405705], [19, 0.09179273906493732], [20, 0.09859822097327796], [21, 0.09333446712561594], [22, 0.07854492328366879], [23, 0.07400810676108567], [24, 0.10442879029127984], [25, 0.09998308530875614], [26, 0.06998715204127291], [27, 0.07743671647313696], [28, 0.09362530918074531], [29, 0.10391852979634608], [30, 0.07613857702393712], [31, 0.0944895621276263], [32, 0.09424920250526618], [33, 0.07977226356236453], [34, 0.08683115534620753], [35, 0.07035844380056465], [36, 0.09102680723545915], [37, 0.07501433445026146], [38, 0.08310761364289665], [39, 0.09446632859556853], [40, 0.09174591881350756], [41, 0.10446869900763381], [42, 0.081222551577277], [43, 0.0842987897815214], [44, 0.06879045892447308], [45, 0.09696691651757683], [46, 0.07494038361307967], [47, 0.08249737915076033], [48, 0.08694505745330817], [49, 0.07988571362625901], [50, 0.06250919523284487]], "losses_centralized": [[0, 0.287624986410141], [1, 0.2687700739264488], [2, 0.20475912327766418], [3, 0.1550406265437603], [4, 0.14710320640206337], [5, 0.11675613970458508], [6, 0.12810832089483737], [7, 0.1078897857606411], [8, 0.10791495335996151], [9, 0.10911110501885414], [10, 0.12051351709067822], [11, 0.11475900448560715], [12, 0.09270265580415726], [13, 0.11482832084000111], [14, 0.09113557912111282], [15, 0.09106929641515017], [16, 0.09506966025382281], [17, 0.08854470263123512], [18, 0.09421927668601275], [19, 0.08614431628584862], [20, 0.08508711425065994], [21, 0.09490441122576594], [22, 0.08182729050815106], [23, 0.07792546365708113], [24, 0.0825229895696044], [25, 0.08536866835653782], [26, 0.08232136707305908], [27, 0.08873898597359657], [28, 0.08002812746018172], [29, 0.0886766127243638], [30, 0.08261711262911559], [31, 0.08621466230303049], [32, 0.09477404915690422], [33, 0.07201683472767473], [34, 0.07332729529067875], [35, 0.07450101476311684], [36, 0.09044245178103447], [37, 0.07628746239021421], [38, 0.07337666505984962], [39, 0.08492489811629057], [40, 0.08124750711768866], [41, 0.09000264620184899], [42, 0.08244626384079456], [43, 0.07826137154884637], [44, 0.06587743951007724], [45, 0.09010615634061396], [46, 0.07251154146455228], [47, 0.07807167945504188], [48, 0.07646603435128928], [49, 0.07158668651599437], [50, 0.07511653341911734]], "metrics_distributed_fit": {"train_loss": [[1, 0.10061770563784084], [2, 0.10244461302614938], [3, 0.08113006800282777], [4, 0.092638124112217], [5, 0.08397081121479705], [6, 0.06455518768075197], [7, 0.06590157840271604], [8, 0.04871532814904112], [9, 0.05426576457768715], [10, 0.07604901124105655], [11, 0.051335341828715034], [12, 0.0688316919819957], [13, 0.06558272320255851], [14, 0.059894056719586614], [15, 0.06865966324936372], [16, 0.061807104342555125], [17, 0.04434946201071528], [18, 0.06659413008922505], [19, 0.057557702117283775], [20, 0.058266784049963646], [21, 0.05719113085784106], [22, 0.050709530141630786], [23, 0.05795609140516654], [24, 0.057768755307204815], [25, 0.040477404315941476], [26, 0.0422964601665682], [27, 0.04014450548703006], [28, 0.05361558266739485], [29, 0.05380046719059693], [30, 0.03732089188280839], [31, 0.05060123380844557], [32, 0.04650628004115522], [33, 0.047707092900623055], [34, 0.03629667405808919], [35, 0.05292892997137467], [36, 0.05454886893702378], [37, 0.044725969265091], [38, 0.051767931259032264], [39, 0.03443951808712452], [40, 0.0452362461880037], [41, 0.04698812399121082], [42, 0.05100643162145409], [43, 0.03710827191368835], [44, 0.05064750686220787], [45, 0.04537503898834458], [46, 0.045357481698387665], [47, 0.054825044748217304], [48, 0.03940439006601438], [49, 0.04806169388355689], [50, 0.037197755335100384]], "train_accuracy": [[1, 0.8774228284278536], [2, 0.8763675175664858], [3, 0.9092976969007677], [4, 0.8784277879341865], [5, 0.8833396155295892], [6, 0.9122724713829987], [7, 0.9205969049373618], [8, 0.9468503937007874], [9, 0.9398230088495575], [10, 0.8954932576295245], [11, 0.9369850187265918], [12, 0.9054253552315925], [13, 0.9134702781312488], [14, 0.9206291481043731], [15, 0.903444485159399], [16, 0.9210355386471188], [17, 0.9429816428703875], [18, 0.9098764285050637], [19, 0.9252716107699575], [20, 0.9234445363477621], [21, 0.924995381489008], [22, 0.9349084353354208], [23, 0.9262791124151843], [24, 0.9251649387370405], [25, 0.9492952416989878], [26, 0.9470444553004397], [27, 0.9497907949790795], [28, 0.931980906921241], [29, 0.9258850574712644], [30, 0.9566420664206642], [31, 0.9304459533859424], [32, 0.939900460137102], [33, 0.9378616829522816], [34, 0.953523379433625], [35, 0.9302941713868079], [36, 0.9253012048192771], [37, 0.9426811053024645], [38, 0.932302821491759], [39, 0.9588987979837146], [40, 0.9434296365330848], [41, 0.931291070738307], [42, 0.9318076958567869], [43, 0.9549135075450865], [44, 0.9305684995340168], [45, 0.9386681694374002], [46, 0.9371625395643269], [47, 0.9246758024464269], [48, 0.9519817073170732], [49, 0.9330796361611287], [50, 0.9562173263629574]]}, "metrics_distributed": {"test_accuracy": [[1, 0.5225531914893617], [2, 0.3916083916083916], [3, 0.5919439579684763], [4, 0.4713216957605985], [5, 0.7537117903930131], [6, 0.6588337684943429], [7, 0.6873449131513648], [8, 0.6884970612930311], [9, 0.6878260869565217], [10, 0.6616915422885572], [11, 0.7042606516290727], [12, 0.7353191489361702], [13, 0.6901653611836379], [14, 0.7302248126561199], [15, 0.6563285834031852], [16, 0.7603092783505154], [17, 0.7559931506849316], [18, 0.7372742200328407], [19, 0.7295012679628065], [20, 0.7219882055602359], [21, 0.7523484201537147], [22, 0.8163265306122449], [23, 0.8343399482312338], [24, 0.6563517915309446], [25, 0.7093877551020408], [26, 0.8170212765957446], [27, 0.79719703215169], [28, 0.7176274018379282], [29, 0.70467596390484], [30, 0.8041237113402062], [31, 0.7079124579124579], [32, 0.7443419949706622], [33, 0.7728415758591786], [34, 0.7354409317803661], [35, 0.8326289095519864], [36, 0.7177966101694915], [37, 0.8084358523725835], [38, 0.7585924713584288], [39, 0.7253401360544217], [40, 0.7109375], [41, 0.7116818558409279], [42, 0.7714285714285715], [43, 0.7525083612040134], [44, 0.8216989066442388], [45, 0.6877673224978614], [46, 0.7622489959839357], [47, 0.7713080168776372], [48, 0.7328936521022259], [49, 0.7570951585976627], [50, 0.831304347826087]]}, "metrics_centralized": {"test_accuracy": [[0, 0.1178], [1, 0.4544], [2, 0.3946], [3, 0.5631], [4, 0.5747], [5, 0.7225], [6, 0.6208], [7, 0.743], [8, 0.7019], [9, 0.6897], [10, 0.6433], [11, 0.6471], [12, 0.689], [13, 0.6277], [14, 0.7282], [15, 0.7218], [16, 0.7244], [17, 0.7249], [18, 0.7065], [19, 0.7155], [20, 0.7478], [21, 0.7272], [22, 0.7655], [23, 0.7854], [24, 0.7531], [25, 0.7533], [26, 0.7438], [27, 0.7451], [28, 0.7498], [29, 0.728], [30, 0.7608], [31, 0.7303], [32, 0.74], [33, 0.7847], [34, 0.7808], [35, 0.7924], [36, 0.7281], [37, 0.7803], [38, 0.7815], [39, 0.7494], [40, 0.7455], [41, 0.7391], [42, 0.7347], [43, 0.7657], [44, 0.8103], [45, 0.7082], [46, 0.7763], [47, 0.7684], [48, 0.7622], [49, 0.7812], [50, 0.7733]]}, "use_wandb": false}