{"losses_distributed": [[1, 0.2918296005044665], [2, 0.25699710614827215], [3, 0.23912207998183307], [4, 0.22299195807807298], [5, 0.22822612073956702], [6, 0.21712176428765667], [7, 0.21725638703424102], [8, 0.2217787724064321], [9, 0.22359027962143324], [10, 0.2186292479460945], [11, 0.2164515552567128], [12, 0.207712500299118], [13, 0.21799101752742212], [14, 0.21208271662495573], [15, 0.2016527256035075], [16, 0.2171755745303722], [17, 0.20272079705645576], [18, 0.2422698631364738], [19, 0.2228749496477706], [20, 0.1898603758208955], [21, 0.19516696912540618], [22, 0.21484701693205316], [23, 0.21632552792660284], [24, 0.20709823503548622], [25, 0.19847266546309342], [26, 0.18538667934893854], [27, 0.1912980691309156], [28, 0.20718818512550385], [29, 0.20047412512690893], [30, 0.19647142478949106], [31, 0.20014760536370366], [32, 0.21043048175146842], [33, 0.1985282817294783], [34, 0.1979889993379439], [35, 0.20299101531011413], [36, 0.19801338352262973], [37, 0.21003180140467856], [38, 0.18937327920825087], [39, 0.2035562797213135], [40, 0.19343710569902417], [41, 0.2108301197794], [42, 0.2189040696583403], [43, 0.2098053938011153], [44, 0.1929850316096848], [45, 0.21473349280493828], [46, 0.2089402933138166], [47, 0.19370251097827387], [48, 0.17287073130091998], [49, 0.21318654638404524], [50, 0.20105648371679066]], "losses_centralized": [[0, 0.2879457840681076], [1, 0.25183724957704545], [2, 0.21588346361517907], [3, 0.1979194001853466], [4, 0.18937158625125886], [5, 0.18427036402076483], [6, 0.18291352901011707], [7, 0.17947293651998042], [8, 0.18117609848603605], [9, 0.17949091769754888], [10, 0.17429556479752065], [11, 0.18332840718068183], [12, 0.17710481717474758], [13, 0.17626293669939042], [14, 0.18070147073939444], [15, 0.17623121447414158], [16, 0.17936162979863585], [17, 0.17447506661824883], [18, 0.17356279096007346], [19, 0.17577676832601427], [20, 0.16782284812964499], [21, 0.17156223107241095], [22, 0.17236087944619358], [23, 0.17012290421817453], [24, 0.1673776525169611], [25, 0.16761681001707912], [26, 0.16690359594114124], [27, 0.16108526249378918], [28, 0.16691046566814186], [29, 0.16034856502227485], [30, 0.16406761262342334], [31, 0.1641743382498622], [32, 0.16185040534548462], [33, 0.159976205304265], [34, 0.16237991651184858], [35, 0.16220478131938726], [36, 0.15872983383126557], [37, 0.1611261750828475], [38, 0.1591523402063176], [39, 0.15944849468171596], [40, 0.15844807313233614], [41, 0.16257699441835285], [42, 0.16007758366428315], [43, 0.1590712847597897], [44, 0.16035460583157837], [45, 0.16008035792820155], [46, 0.15906856887713075], [47, 0.15583861734867097], [48, 0.1592505221027881], [49, 0.16081514731934293], [50, 0.16227543907286598]], "metrics_distributed_fit": {"train_loss": [[1, 0.5006088953955196], [2, 0.41955987007053697], [3, 0.3401269839483384], [4, 0.2646926844570817], [5, 0.20853262998138247], [6, 0.15659245768558513], [7, 0.13347842647006414], [8, 0.10043509551781687], [9, 0.08198632673179469], [10, 0.09767355007391643], [11, 0.04294985254178334], [12, 0.043182146142976906], [13, 0.04873413083499008], [14, 0.01582393474171198], [15, 0.02044431040285731], [16, 0.011153397692165369], [17, 0.020993503018051942], [18, 0.012156369844257968], [19, 0.012827485362246796], [20, 0.01932347222628223], [21, 0.010855224705018809], [22, 0.0028727010456660977], [23, 0.0024551043079854775], [24, 0.009176680715726518], [25, 0.0039394313503228005], [26, 0.002057117358454174], [27, 0.01283549528913616], [28, 0.004483654928144992], [29, 0.010203638678464133], [30, 0.012336967484179458], [31, 0.004772646712077884], [32, 0.007903987420192672], [33, 0.005906491887503576], [34, 0.002251705540237467], [35, 0.0016820524528957572], [36, 0.005213062308606915], [37, 0.001935776930347237], [38, 0.004023707267135268], [39, 0.004972401398419174], [40, 0.0009595554307437248], [41, 0.0028754874746237755], [42, 0.010792472465905659], [43, 0.003479824629079766], [44, 0.006565807715848661], [45, 0.0023284397957875325], [46, 0.004583178911707341], [47, 0.0016873557968167816], [48, 0.005452968178756956], [49, 0.010441570110216092], [50, 0.00571639995182146]], "train_accuracy": [[1, 0.25733811337665247], [2, 0.3718063648588077], [3, 0.500952807981168], [4, 0.616358543417367], [5, 0.7022849462365591], [6, 0.7849136964806097], [7, 0.8290004482294935], [8, 0.8751962323390895], [9, 0.9001568803227252], [10, 0.8888515406162465], [11, 0.9497645211930926], [12, 0.9539547389648219], [13, 0.9530111023886958], [14, 0.9815167469474627], [15, 0.9809502465262214], [16, 0.9886860087375378], [17, 0.9757901815736382], [18, 0.9858855158507898], [19, 0.9854309088871456], [20, 0.9812759277945958], [21, 0.9896884106702533], [22, 0.9976460038112319], [23, 0.9976460038112319], [24, 0.9919282511210762], [25, 0.9965262214253698], [26, 0.9976454759502187], [27, 0.9856646880949714], [28, 0.9950727883538634], [29, 0.9889125321984544], [30, 0.9859896884106703], [31, 0.9952930628712316], [32, 0.9917114695340502], [33, 0.9932727884291961], [34, 0.9978692385331389], [35, 0.9987677831298308], [36, 0.9945067264573991], [37, 0.9982062780269059], [38, 0.9959672902430828], [39, 0.9945061105505102], [40, 0.9994392732981945], [41, 0.9964129581885439], [42, 0.9887930068362658], [43, 0.9970878136200717], [44, 0.9926066987789851], [45, 0.9976465314356159], [46, 0.9956307416535962], [47, 0.9984315482859063], [48, 0.9947356630824373], [49, 0.9894666069027342], [50, 0.9943965034181329]]}, "metrics_distributed": {"test_accuracy": [[1, 0.24489795918367346], [2, 0.33163265306122447], [3, 0.38979591836734695], [4, 0.4326530612244898], [5, 0.4673469387755102], [6, 0.48775510204081635], [7, 0.5010204081632653], [8, 0.5336734693877551], [9, 0.5214285714285715], [10, 0.536734693877551], [11, 0.5408163265306123], [12, 0.5785714285714286], [13, 0.5489795918367347], [14, 0.5857142857142857], [15, 0.5846938775510204], [16, 0.576530612244898], [17, 0.5724489795918367], [18, 0.5510204081632653], [19, 0.5744897959183674], [20, 0.5979591836734693], [21, 0.5969387755102041], [22, 0.610204081632653], [23, 0.6061224489795919], [24, 0.6122448979591837], [25, 0.6234693877551021], [26, 0.6163265306122448], [27, 0.6061224489795919], [28, 0.5969387755102041], [29, 0.5938775510204082], [30, 0.5846938775510204], [31, 0.6306122448979592], [32, 0.6030612244897959], [33, 0.6091836734693877], [34, 0.610204081632653], [35, 0.6244897959183674], [36, 0.6275510204081632], [37, 0.6020408163265306], [38, 0.6173469387755102], [39, 0.6163265306122448], [40, 0.6408163265306123], [41, 0.639795918367347], [42, 0.610204081632653], [43, 0.6204081632653061], [44, 0.6173469387755102], [45, 0.613265306122449], [46, 0.6173469387755102], [47, 0.6091836734693877], [48, 0.6489795918367347], [49, 0.6377551020408163], [50, 0.6346938775510204]]}, "metrics_centralized": {"test_accuracy": [[0, 0.1001], [1, 0.26], [2, 0.363], [3, 0.4134], [4, 0.4457], [5, 0.4771], [6, 0.4958], [7, 0.5164], [8, 0.5284], [9, 0.5449], [10, 0.5454], [11, 0.5585], [12, 0.5651], [13, 0.567], [14, 0.5775], [15, 0.5795], [16, 0.5889], [17, 0.5887], [18, 0.5884], [19, 0.5926], [20, 0.5972], [21, 0.6012], [22, 0.605], [23, 0.6077], [24, 0.6081], [25, 0.6133], [26, 0.6168], [27, 0.62], [28, 0.6202], [29, 0.6244], [30, 0.6195], [31, 0.6224], [32, 0.6209], [33, 0.6268], [34, 0.6269], [35, 0.63], [36, 0.6315], [37, 0.6299], [38, 0.6338], [39, 0.6339], [40, 0.6388], [41, 0.6354], [42, 0.6385], [43, 0.6375], [44, 0.6391], [45, 0.6415], [46, 0.6397], [47, 0.6431], [48, 0.6395], [49, 0.6451], [50, 0.6406]]}, "use_wandb": false}