{"losses_distributed": [[1, 0.3044898076268164], [2, 0.310183798430046], [3, 0.308074479141543], [4, 0.3058292829110974], [5, 0.3080857857561548], [6, 0.3077517378002799], [7, 0.292036745921675], [8, 0.2897585190203522], [9, 0.27897819421441883], [10, 0.27918044099065126], [11, 0.2666414934845903], [12, 0.2622233822440518], [13, 0.255111423417011], [14, 0.2629686841653952], [15, 0.24704416693769735], [16, 0.24504940661927638], [17, 0.2430834010366566], [18, 0.24163305389214745], [19, 0.23620452970145686], [20, 0.23293424643003025], [21, 0.23446192441873215], [22, 0.22669125352166095], [23, 0.23316329863606666], [24, 0.2278862875699997], [25, 0.21752329049061755]], "losses_centralized": [[0, 0.2878822345495224], [1, 0.28842536635398863], [2, 0.2887431864976883], [3, 0.28821568093299865], [4, 0.28876543929576876], [5, 0.2889380714416504], [6, 0.2873302423477173], [7, 0.27606002774238586], [8, 0.27048327058553695], [9, 0.2601604486465454], [10, 0.2631256636619568], [11, 0.25033387854099276], [12, 0.2457787987947464], [13, 0.24302979416847229], [14, 0.2420407257437706], [15, 0.23449781363010405], [16, 0.2309053994655609], [17, 0.2290746092915535], [18, 0.2261487089395523], [19, 0.22442174475193025], [20, 0.22489005870819093], [21, 0.2182737919688225], [22, 0.21528217958211898], [23, 0.21218224211931228], [24, 0.21124711047410966], [25, 0.2070812687754631]], "metrics_distributed_fit": {"train_loss": [[1, 0.5288307156814992], [2, 0.514478465522323], [3, 0.5086019189524433], [4, 0.5196143242894992], [5, 0.49947739189321344], [6, 0.49435294965747795], [7, 0.494597165074825], [8, 0.4745827213649918], [9, 0.4795885514807685], [10, 0.45109214869020137], [11, 0.4512329507569371], [12, 0.4333293738482461], [13, 0.44425920707897454], [14, 0.4360585521153665], [15, 0.41482203722500105], [16, 0.4217062430201701], [17, 0.407668656969189], [18, 0.41233469516516164], [19, 0.40131193029596113], [20, 0.3969063378713994], [21, 0.41126662799875247], [22, 0.394778291356091], [23, 0.3941485485060956], [24, 0.3821878344344576], [25, 0.38636606960537156]], "train_accuracy": [[1, 0.28376087693524693], [2, 0.28676713232867673], [3, 0.27243048519644264], [4, 0.24397590361445784], [5, 0.2780101254677526], [6, 0.3009037152739038], [7, 0.2995694538862452], [8, 0.32927782118540017], [9, 0.3214366133753659], [10, 0.38266169996613614], [11, 0.3764719202898551], [12, 0.4012229016120067], [13, 0.3657345761207279], [14, 0.38040600176522504], [15, 0.4136413641364136], [16, 0.40692256489904594], [17, 0.4213203707890572], [18, 0.41276643735197927], [19, 0.4399592944369064], [20, 0.43535886779737165], [21, 0.41109115401885943], [22, 0.4438860971524288], [23, 0.44912872400224846], [24, 0.46787570496516645], [25, 0.45686141304347827]]}, "metrics_distributed": {"test_accuracy": [[1, 0.0842754367934224], [2, 0.08952187182095625], [3, 0.11088709677419355], [4, 0.09631147540983606], [5, 0.07934893184130214], [6, 0.06307222787385554], [7, 0.14558232931726908], [8, 0.20651068158697863], [9, 0.25661914460285135], [10, 0.18442622950819673], [11, 0.219959266802444], [12, 0.2619775739041794], [13, 0.24141519250780438], [14, 0.2494908350305499], [15, 0.3147208121827411], [16, 0.3160518444666002], [17, 0.3109504132231405], [18, 0.30745341614906835], [19, 0.29959514170040485], [20, 0.3230769230769231], [21, 0.32060301507537686], [22, 0.3553038105046344], [23, 0.34183673469387754], [24, 0.359], [25, 0.3683673469387755]]}, "metrics_centralized": {"test_accuracy": [[0, 0.1], [1, 0.1], [2, 0.1], [3, 0.1], [4, 0.1], [5, 0.1], [6, 0.1], [7, 0.1693], [8, 0.2018], [9, 0.2333], [10, 0.1793], [11, 0.2339], [12, 0.259], [13, 0.2644], [14, 0.2506], [15, 0.2942], [16, 0.3003], [17, 0.3084], [18, 0.3297], [19, 0.3193], [20, 0.317], [21, 0.3437], [22, 0.356], [23, 0.3549], [24, 0.3632], [25, 0.3698]]}, "use_wandb": false}