{"losses_distributed": [[1, 0.244918788950494], [2, 0.17461766130649126], [3, 0.12641101279630343], [4, 0.12348434625074255], [5, 0.09269402167682564], [6, 0.09569362604470229], [7, 0.09851367648373566], [8, 0.0978396361170604], [9, 0.07655283523966437], [10, 0.08042628105550659], [11, 0.058511753257678364]], "losses_centralized": [[0, 0.28848216438293456], [1, 0.23651879054307937], [2, 0.1663061655163765], [3, 0.12042969631254673], [4, 0.10817144129872322], [5, 0.09056090306788683], [6, 0.09161023161485791], [7, 0.07884399434961378], [8, 0.08219253478907049], [9, 0.07607071242295206], [10, 0.07637936040908098], [11, 0.07291251470297574]], "metrics_distributed_fit": {"train_loss": [[1, 0.13125749673774967], [2, 0.1057219064500162], [3, 0.07748377407044656], [4, 0.09956391373412439], [5, 0.08282168606625613], [6, 0.06311558107250737], [7, 0.05938715011457255], [8, 0.043987656056670994], [9, 0.04695726713524818], [10, 0.07192864445081994], [11, 0.04347627090978059]], "train_accuracy": [[1, 0.826992103374013], [2, 0.8652494885706662], [3, 0.9006729219979149], [4, 0.8692870201096892], [5, 0.884376177911798], [6, 0.9145243009945581], [7, 0.9244657332350774], [8, 0.9467519685039371], [9, 0.9419655333022823], [10, 0.8985095812633073], [11, 0.9418539325842696]]}, "metrics_distributed": {"test_accuracy": [[1, 0.5446808510638298], [2, 0.5786713286713286], [3, 0.6523642732049036], [4, 0.6342477140482128], [5, 0.7868995633187773], [6, 0.7606614447345518], [7, 0.7154673283705542], [8, 0.7162048698572628], [9, 0.7721739130434783], [10, 0.7669983416252073], [11, 0.849624060150376]]}, "metrics_centralized": {"test_accuracy": [[0, 0.1004], [1, 0.4792], [2, 0.5405], [3, 0.6277], [4, 0.7051], [5, 0.7519], [6, 0.7424], [7, 0.7697], [8, 0.7573], [9, 0.7601], [10, 0.7759], [11, 0.7764]]}, "use_wandb": false}