{"losses_distributed": [[1, 0.244918788950494], [2, 0.17461766130649126], [3, 0.12641101279630343], [4, 0.12348434625074255], [5, 0.09269402167682564], [6, 0.09569362604470229], [7, 0.09851367648373566], [8, 0.0978396361170604], [9, 0.07655283523966437], [10, 0.08042628105550659], [11, 0.058511753257678364], [12, 0.05564448815790263], [13, 0.062336770758467254], [14, 0.06926895071636827], [15, 0.07830725897849855], [16, 0.05488046506080533], [17, 0.05796618645155383], [18, 0.05914791991566392], [19, 0.06314962581443638], [20, 0.06895834173434026], [21, 0.05591793892146379], [22, 0.05389678647316919], [23, 0.05094312360559247], [24, 0.07046368238948443], [25, 0.061272683533250674], [26, 0.03898054417500153], [27, 0.04652012822014824], [28, 0.05801229354267615], [29, 0.06379586390935502], [30, 0.052767053150260444], [31, 0.0523087099149793], [32, 0.05460258652344861], [33, 0.054819599141375366], [34, 0.06333767258354499], [35, 0.042611291610997165], [36, 0.053559006728484466], [37, 0.04168078323162483], [38, 0.053199181130743525], [39, 0.05739666364982496], [40, 0.059823604900442556], [41, 0.05643048391533921], [42, 0.050021049109372225], [43, 0.04836908968579784], [44, 0.04516389280333124], [45, 0.04883205659577577], [46, 0.04481458725418473], [47, 0.053683947905591584], [48, 0.05222409198069077], [49, 0.046448567144624045], [50, 0.04066558263264596]], "losses_centralized": [[0, 0.28848216438293456], [1, 0.23651879054307937], [2, 0.1663061655163765], [3, 0.12042969631254673], [4, 0.10817144129872322], [5, 0.09056090306788683], [6, 0.09161023161485791], [7, 0.07884399434961378], [8, 0.08219253478907049], [9, 0.07607071242295206], [10, 0.07637936040908098], [11, 0.07291251470297574], [12, 0.06644232786595822], [13, 0.07080082048922777], [14, 0.06429171346873044], [15, 0.06369450019896031], [16, 0.06303833507988602], [17, 0.061818753575161096], [18, 0.062118884132802483], [19, 0.05709191284906119], [20, 0.05819246082082391], [21, 0.060010980052035305], [22, 0.054898118993919345], [23, 0.05206575159914792], [24, 0.05384194935467094], [25, 0.05517335446290672], [26, 0.0519372358684428], [27, 0.0519209858849179], [28, 0.0533363029663451], [29, 0.05541610600715503], [30, 0.05151732048140839], [31, 0.052157982515217735], [32, 0.05515198111217469], [33, 0.04669871082538739], [34, 0.048556971999257806], [35, 0.04668483438221738], [36, 0.05004724129410461], [37, 0.04625086698709056], [38, 0.046155867524072525], [39, 0.05166952363441232], [40, 0.05267568567176349], [41, 0.05070708867725916], [42, 0.05097551747453399], [43, 0.045775159200420606], [44, 0.0431280377084855], [45, 0.0472089518846944], [46, 0.04587686833380721], [47, 0.04891555098555982], [48, 0.04443678074395284], [49, 0.044599749912973496], [50, 0.0452859041914111]], "metrics_distributed_fit": {"train_loss": [[1, 0.13125749673774967], [2, 0.1057219064500162], [3, 0.07748377407044656], [4, 0.09956391373412439], [5, 0.08282168606625613], [6, 0.06311558107250737], [7, 0.05938715011457255], [8, 0.043987656056670994], [9, 0.04695726713524818], [10, 0.07192864445081994], [11, 0.04347627090978059], [12, 0.062347801624893034], [13, 0.06016836687806108], [14, 0.053008777650305504], [15, 0.06267673018596952], [16, 0.054534215787857256], [17, 0.03856752322402836], [18, 0.05930388496167587], [19, 0.05013805799457885], [20, 0.050343777882342476], [21, 0.049421401411417175], [22, 0.04080288175595186], [23, 0.04818253301067597], [24, 0.04910548223763749], [25, 0.03183463869716407], [26, 0.03053099004746318], [27, 0.03126886261165632], [28, 0.04193016331803188], [29, 0.04583606394812366], [30, 0.028526644161816102], [31, 0.039469082766453494], [32, 0.0366290341197813], [33, 0.03395389868959163], [34, 0.026630183588170476], [35, 0.042605029862068405], [36, 0.04291902861956626], [37, 0.034113212783795796], [38, 0.039173210732957264], [39, 0.024248562406841572], [40, 0.033154494114820125], [41, 0.036330835082998184], [42, 0.03717832291774964], [43, 0.02760598854741692], [44, 0.03631816161437478], [45, 0.036077612807192544], [46, 0.03415045195020877], [47, 0.04083999565779281], [48, 0.024158509253149052], [49, 0.036164986319500235], [50, 0.02600195368849893]], "train_accuracy": [[1, 0.826992103374013], [2, 0.8652494885706662], [3, 0.9006729219979149], [4, 0.8692870201096892], [5, 0.884376177911798], [6, 0.9145243009945581], [7, 0.9244657332350774], [8, 0.9467519685039371], [9, 0.9419655333022823], [10, 0.8985095812633073], [11, 0.9418539325842696], [12, 0.914375346004798], [13, 0.9172877658607526], [14, 0.9289935448677152], [15, 0.9104067423964822], [16, 0.9257678389162104], [17, 0.9494715371778231], [18, 0.9187029638576605], [19, 0.9324515824279641], [20, 0.9315320283062218], [21, 0.9339552928135969], [22, 0.946484486194136], [23, 0.9337062167614157], [24, 0.9353440150801131], [25, 0.9581874940875982], [26, 0.9597459697117733], [27, 0.9593001141118296], [28, 0.9434551129061869], [29, 0.9355402298850575], [30, 0.9653136531365314], [31, 0.9469627454578822], [32, 0.951356934923467], [33, 0.9542737880656484], [34, 0.9662244801956911], [35, 0.9423533710944637], [36, 0.9379277108433735], [37, 0.9547236743838685], [38, 0.9489710401340907], [39, 0.9686894145017448], [40, 0.9567567567567568], [41, 0.9482025512176266], [42, 0.9497093291501338], [43, 0.9663231505336769], [44, 0.9500465983224604], [45, 0.9531323377477223], [46, 0.953267547942655], [47, 0.9411386002023361], [48, 0.9670350609756098], [49, 0.9505290514200854], [50, 0.9680731889469754]]}, "metrics_distributed": {"test_accuracy": [[1, 0.5446808510638298], [2, 0.5786713286713286], [3, 0.6523642732049036], [4, 0.6342477140482128], [5, 0.7868995633187773], [6, 0.7606614447345518], [7, 0.7154673283705542], [8, 0.7162048698572628], [9, 0.7721739130434783], [10, 0.7669983416252073], [11, 0.849624060150376], [12, 0.8672340425531915], [13, 0.8302872062663186], [14, 0.8084929225645295], [15, 0.7678122380553227], [16, 0.8702749140893471], [17, 0.8407534246575342], [18, 0.8456486042692939], [19, 0.8224852071005917], [20, 0.8213984835720304], [21, 0.8257899231426131], [22, 0.8615794143744454], [23, 0.8817946505608283], [24, 0.7874592833876222], [25, 0.8318367346938775], [26, 0.8978723404255319], [27, 0.8796372629843363], [28, 0.847953216374269], [29, 0.822805578342904], [30, 0.8565292096219931], [31, 0.8560606060606061], [32, 0.8407376362112322], [33, 0.8491198658843252], [34, 0.8144758735440932], [35, 0.8799661876584953], [36, 0.8457627118644068], [37, 0.8945518453427065], [38, 0.8404255319148937], [39, 0.8239795918367347], [40, 0.8246527777777778], [41, 0.8309859154929577], [42, 0.8701298701298701], [43, 0.8637123745819398], [44, 0.8696383515559294], [45, 0.8511548331907614], [46, 0.8755020080321285], [47, 0.8624472573839662], [48, 0.8441879637262985], [49, 0.8580968280467446], [50, 0.8817391304347826]]}, "metrics_centralized": {"test_accuracy": [[0, 0.1004], [1, 0.4792], [2, 0.5405], [3, 0.6277], [4, 0.7051], [5, 0.7519], [6, 0.7424], [7, 0.7697], [8, 0.7573], [9, 0.7601], [10, 0.7759], [11, 0.7764], [12, 0.8065], [13, 0.7795], [14, 0.8135], [15, 0.8118], [16, 0.8171], [17, 0.8118], [18, 0.8192], [19, 0.828], [20, 0.8345], [21, 0.8103], [22, 0.8311], [23, 0.8518], [24, 0.8414], [25, 0.8417], [26, 0.8445], [27, 0.8441], [28, 0.8443], [29, 0.8298], [30, 0.8501], [31, 0.8412], [32, 0.8308], [33, 0.8642], [34, 0.8622], [35, 0.8638], [36, 0.8517], [37, 0.8605], [38, 0.8638], [39, 0.8435], [40, 0.8482], [41, 0.8429], [42, 0.8404], [43, 0.8645], [44, 0.8745], [45, 0.8604], [46, 0.8647], [47, 0.8521], [48, 0.8686], [49, 0.8639], [50, 0.8659]]}, "use_wandb": false}