{"losses_distributed": [[1, 0.2629122777769734], [2, 0.10108203098683034], [3, 0.08838074170787437], [4, 0.07790376766511226], [5, 0.07346744202372112]], "losses_centralized": [[0, 0.28757091178894045], [1, 0.24247665461301804], [2, 0.10216150934100152], [3, 0.08323875283822417], [4, 0.0754110833980143], [5, 0.07208841660544277]], "metrics_distributed_fit": {"train_loss": [[1, 0.2642214321506562], [2, 0.21537791240642531], [3, 0.1684977516992092], [4, 0.15967355328667993], [5, 0.14140588258669512]], "train_accuracy": [[1, 0.655571227080395], [2, 0.7071474329642171], [3, 0.7618869337326843], [4, 0.7729890395690135], [5, 0.7947638227755401]]}, "metrics_distributed": {"test_accuracy": [[1, 0.5745950554134698], [2, 0.714406779661017], [3, 0.7390939597315436], [4, 0.7901444350042481], [5, 0.7864978902953587]]}, "metrics_centralized": {"test_accuracy": [[0, 0.1023], [1, 0.6061], [2, 0.7139], [3, 0.7566], [4, 0.7686], [5, 0.7876]]}, "use_wandb": false}