{"losses_distributed": [[1, 0.31905282370898186], [2, 0.29626055286855113], [3, 0.27612989836809587], [4, 0.2561324797722758], [5, 0.24991676697925647], [6, 0.23300090912653476], [7, 0.22229932017472326], [8, 0.21386590885872744], [9, 0.21047974651565357], [10, 0.2126537728978663], [11, 0.20412897695692217], [12, 0.20371611732609418], [13, 0.217395268213384], [14, 0.20529972608296237], [15, 0.21287917787475244], [16, 0.22507698014378547], [17, 0.20591683001542577], [18, 0.2496323818683016], [19, 0.23473794970813455], [20, 0.21178897673986397], [21, 0.23430499154551676], [22, 0.24690833609285098], [23, 0.25420985584033234], [24, 0.23817461496266557], [25, 0.22911831554267745], [26, 0.19439344198766106], [27, 0.22661707638347123], [28, 0.2323344811583318], [29, 0.2262858109548688], [30, 0.2428453905507922], [31, 0.20318628092966404], [32, 0.22834157928995483], [33, 0.21158698217430133], [34, 0.21170652904547752], [35, 0.22521726843919984], [36, 0.22756274232868942], [37, 0.21800545059828733], [38, 0.19607959163532004], [39, 0.20075467594481092], [40, 0.222392222063844], [41, 0.21524483957464513], [42, 0.22183728415366946], [43, 0.21839669727725072], [44, 0.20061406708531537], [45, 0.21940313075022885], [46, 0.21927028201919582], [47, 0.20242432944517588], [48, 0.1877916203113273], [49, 0.20751552062669806], [50, 0.2035633689267751]], "losses_centralized": [[0, 0.2882569053173065], [1, 0.2778891346335411], [2, 0.2520279441952705], [3, 0.23523114856481553], [4, 0.2200503037750721], [5, 0.20690231865048408], [6, 0.1956692640542984], [7, 0.1874150725901127], [8, 0.18222555754184722], [9, 0.1792056682676077], [10, 0.17549170808792114], [11, 0.17457805743813515], [12, 0.17385591655522584], [13, 0.1730529909402132], [14, 0.1735536869108677], [15, 0.17860527716577054], [16, 0.18092011407464742], [17, 0.17960985203683377], [18, 0.1873426008105278], [19, 0.19186695388928054], [20, 0.19298154028505088], [21, 0.19635703050605952], [22, 0.19288249613977967], [23, 0.1930187024757266], [24, 0.19110103216934948], [25, 0.1901570344777778], [26, 0.18960405381787568], [27, 0.18755133777186275], [28, 0.18519970477558673], [29, 0.1854355818508193], [30, 0.1853637454841286], [31, 0.18526295209154486], [32, 0.18332950032688677], [33, 0.18022531597875058], [34, 0.18168030147477984], [35, 0.17739675334021449], [36, 0.17592157919555904], [37, 0.1758711584098637], [38, 0.17465699961911887], [39, 0.1733606881581247], [40, 0.17179004879668355], [41, 0.17175418194197117], [42, 0.1718171044068411], [43, 0.16903989761918783], [44, 0.17012186556756495], [45, 0.1678768094339408], [46, 0.16635281561557203], [47, 0.1634906145629473], [48, 0.16641354306330905], [49, 0.165562456429936], [50, 0.16450948418211192]], "metrics_distributed_fit": {"train_loss": [[1, 0.558354122099683], [2, 0.5135924249874109], [3, 0.4688546293159462], [4, 0.43602804959321223], [5, 0.4039408416423853], [6, 0.3706089840211079], [7, 0.33698061633235615], [8, 0.3092530171438487], [9, 0.27839789989332164], [10, 0.2535748201591962], [11, 0.2190903214306261], [12, 0.18466714167111448], [13, 0.151596214069962], [14, 0.1253099278901058], [15, 0.09840574729961711], [16, 0.07677788996001063], [17, 0.06165744944362751], [18, 0.04075007955660412], [19, 0.033690643351054136], [20, 0.02061663591447814], [21, 0.014307760029961371], [22, 0.013434330503755103], [23, 0.011062908347607538], [24, 0.008326880989201193], [25, 0.007021744693836732], [26, 0.004942471366185575], [27, 0.0045838803422559], [28, 0.00440771444084687], [29, 0.004298392192107452], [30, 0.0035975637331312053], [31, 0.002803675942485568], [32, 0.0026702644328351097], [33, 0.00299479559107559], [34, 0.0036834606892334953], [35, 0.002703634919805852], [36, 0.002465486652387795], [37, 0.0023450334222204295], [38, 0.00227892021632187], [39, 0.0021520184804917487], [40, 0.0023921440173033264], [41, 0.002037842609109059], [42, 0.0018767541146411306], [43, 0.0019223130894576365], [44, 0.001754680029297708], [45, 0.0022555719452710373], [46, 0.0017759434788081271], [47, 0.001821561380184022], [48, 0.0016019927855506148], [49, 0.001543401614897143], [50, 0.0016778832688024248]], "train_accuracy": [[1, 0.17432220479498095], [2, 0.23778574630210667], [3, 0.3099428315211299], [4, 0.3492436974789916], [5, 0.4022177419354839], [6, 0.4510199506837032], [7, 0.4980950246526221], [8, 0.5455259026687598], [9, 0.58998207082026], [10, 0.629467787114846], [11, 0.6815429468490694], [12, 0.7394129509298678], [13, 0.7909610855668947], [14, 0.8345468802509242], [15, 0.8772971761541909], [16, 0.907247675590904], [17, 0.9315175969513562], [18, 0.9588887644225383], [19, 0.9700773282528298], [20, 0.9871061778226259], [21, 0.9927146379735485], [22, 0.9928259163770877], [23, 0.9957403878488958], [24, 0.9971973094170403], [25, 0.9977588525324966], [26, 0.9995515192286131], [27, 0.9993280322544518], [28, 0.9989921612541993], [29, 0.9985440698846455], [30, 0.9993275050437121], [31, 0.999663790205088], [32, 1.0], [33, 0.9997757596143065], [34, 0.9987664012560278], [35, 0.9997759605690602], [36, 0.9997757847533633], [37, 0.9997757847533633], [38, 0.9997759605690602], [39, 0.9997757596143065], [40, 0.9997757093192778], [41, 0.999887904943392], [42, 0.9998879300683626], [43, 1.0], [44, 0.9998879802845301], [45, 0.9994396503418133], [46, 1.0], [47, 1.0], [48, 1.0], [49, 1.0], [50, 1.0]]}, "metrics_distributed": {"test_accuracy": [[1, 0.1540816326530612], [2, 0.23469387755102042], [3, 0.27653061224489794], [4, 0.3081632653061224], [5, 0.3551020408163265], [6, 0.3836734693877551], [7, 0.43673469387755104], [8, 0.47346938775510206], [9, 0.47346938775510206], [10, 0.49489795918367346], [11, 0.5112244897959184], [12, 0.5193877551020408], [13, 0.5091836734693878], [14, 0.5428571428571428], [15, 0.5530612244897959], [16, 0.5418367346938775], [17, 0.5469387755102041], [18, 0.5316326530612245], [19, 0.5622448979591836], [20, 0.5877551020408164], [21, 0.5816326530612245], [22, 0.5663265306122449], [23, 0.5969387755102041], [24, 0.5969387755102041], [25, 0.5959183673469388], [26, 0.6153061224489796], [27, 0.5877551020408164], [28, 0.5816326530612245], [29, 0.6051020408163266], [30, 0.5857142857142857], [31, 0.613265306122449], [32, 0.5877551020408164], [33, 0.6173469387755102], [34, 0.6275510204081632], [35, 0.6285714285714286], [36, 0.6336734693877552], [37, 0.6051020408163266], [38, 0.6244897959183674], [39, 0.639795918367347], [40, 0.6224489795918368], [41, 0.6469387755102041], [42, 0.6112244897959184], [43, 0.6183673469387755], [44, 0.6010204081632653], [45, 0.6051020408163266], [46, 0.6377551020408163], [47, 0.6326530612244898], [48, 0.6377551020408163], [49, 0.6316326530612245], [50, 0.6469387755102041]]}, "metrics_centralized": {"test_accuracy": [[0, 0.0973], [1, 0.1614], [2, 0.2518], [3, 0.292], [4, 0.3362], [5, 0.3839], [6, 0.4215], [7, 0.4476], [8, 0.469], [9, 0.4883], [10, 0.4973], [11, 0.5042], [12, 0.5202], [13, 0.5321], [14, 0.5395], [15, 0.5463], [16, 0.5545], [17, 0.5634], [18, 0.5666], [19, 0.5728], [20, 0.577], [21, 0.5838], [22, 0.5862], [23, 0.5919], [24, 0.5951], [25, 0.6028], [26, 0.6055], [27, 0.6067], [28, 0.6133], [29, 0.6124], [30, 0.6167], [31, 0.6163], [32, 0.6188], [33, 0.6244], [34, 0.6248], [35, 0.6276], [36, 0.6342], [37, 0.6336], [38, 0.6361], [39, 0.6354], [40, 0.6397], [41, 0.6399], [42, 0.6432], [43, 0.647], [44, 0.6502], [45, 0.6466], [46, 0.6505], [47, 0.6568], [48, 0.6533], [49, 0.6549], [50, 0.6528]]}, "use_wandb": false}