{"losses_distributed": [[1, 0.3041768539601215], [2, 0.3103735209238978], [3, 0.3079675983998083], [4, 0.30578720545182464], [5, 0.3080287127625785], [6, 0.30852071436108797], [7, 0.2998158534367879], [8, 0.2952749662457502], [9, 0.28287904544177706], [10, 0.2785060088165471], [11, 0.27089405047675014], [12, 0.2645900351556434], [13, 0.2549924690443073], [14, 0.2640497977039236], [15, 0.24615392830166113], [16, 0.24537574971542284], [17, 0.2423532993093995], [18, 0.24075459718210604], [19, 0.23617785879474903], [20, 0.2313798848176614], [21, 0.2324441789981708], [22, 0.22305113691011738], [23, 0.2300789437731918], [24, 0.22318598115444183], [25, 0.21187991165384953]], "losses_centralized": [[0, 0.28790389275550843], [1, 0.2884320422887802], [2, 0.28851877126693726], [3, 0.2881578494310379], [4, 0.28870814933776856], [5, 0.2889563009738922], [6, 0.2881086003780365], [7, 0.28339100069999695], [8, 0.27602412376403807], [9, 0.26387005395889285], [10, 0.26028946764469146], [11, 0.2523696888685226], [12, 0.24788843313455583], [13, 0.24291614655256272], [14, 0.2423419742822647], [15, 0.23473455489873887], [16, 0.23108630579710007], [17, 0.22803904300928116], [18, 0.22549638702869415], [19, 0.223616646528244], [20, 0.22247717331647873], [21, 0.21669172929525377], [22, 0.21198712924718857], [23, 0.20934329082369804], [24, 0.20869222764968873], [25, 0.20323583644628523]], "metrics_distributed_fit": {"train_loss": [[1, 0.5278594949269971], [2, 0.5157527021876054], [3, 0.5093093326965941], [4, 0.5197005866694695], [5, 0.4998262786547728], [6, 0.4956021235581821], [7, 0.49982198720315457], [8, 0.4804316503299854], [9, 0.4839353443124868], [10, 0.45191915631496093], [11, 0.45661342262473475], [12, 0.440133825502772], [13, 0.44649393964001616], [14, 0.43924517065141966], [15, 0.4175376695723194], [16, 0.42340988297381593], [17, 0.4083954931794586], [18, 0.4119656196302487], [19, 0.4006417282127865], [20, 0.39733153165531576], [21, 0.4113511197874511], [22, 0.3920885228889405], [23, 0.39165425264748244], [24, 0.38070849183401834], [25, 0.38299364149629517]], "train_accuracy": [[1, 0.28082269182958525], [2, 0.2868771312286877], [3, 0.2738939547450186], [4, 0.24431057563587685], [5, 0.275808936825886], [6, 0.2983376101751646], [7, 0.29005211874008613], [8, 0.3201250139524501], [9, 0.3144562035577573], [10, 0.3839033750987696], [11, 0.3671875], [12, 0.3924402445803224], [13, 0.36806480248557477], [14, 0.37533097969991175], [15, 0.4122112211221122], [16, 0.409252274240071], [17, 0.4239204160072349], [18, 0.41693921281154844], [19, 0.44097693351424694], [20, 0.4405256655060092], [21, 0.4146834306241581], [22, 0.4510329424902289], [23, 0.44890387858347386], [24, 0.4671016255667367], [25, 0.4564085144927536]]}, "metrics_distributed": {"test_accuracy": [[1, 0.0842754367934224], [2, 0.08952187182095625], [3, 0.11088709677419355], [4, 0.09631147540983606], [5, 0.07934893184130214], [6, 0.06307222787385554], [7, 0.08835341365461848], [8, 0.18514750762970497], [9, 0.23014256619144602], [10, 0.19979508196721313], [11, 0.1629327902240326], [12, 0.273190621814475], [13, 0.2570239334027055], [14, 0.2505091649694501], [15, 0.3299492385786802], [16, 0.32602193419740777], [17, 0.31714876033057854], [18, 0.3146997929606625], [19, 0.29959514170040485], [20, 0.3343589743589744], [21, 0.349748743718593], [22, 0.3779608650875386], [23, 0.36020408163265305], [24, 0.387], [25, 0.386734693877551]]}, "metrics_centralized": {"test_accuracy": [[0, 0.1], [1, 0.1], [2, 0.1], [3, 0.1], [4, 0.1], [5, 0.1], [6, 0.1], [7, 0.1008], [8, 0.1682], [9, 0.2287], [10, 0.1971], [11, 0.1936], [12, 0.2748], [13, 0.2709], [14, 0.2535], [15, 0.2987], [16, 0.3028], [17, 0.3163], [18, 0.3345], [19, 0.3254], [20, 0.3257], [21, 0.3568], [22, 0.3724], [23, 0.3689], [24, 0.3702], [25, 0.3908]]}, "use_wandb": false}