{"losses_distributed": [[1, 0.24884318483636733], [2, 0.16955159430007835], [3, 0.12480856579991022], [4, 0.11911239718409845], [5, 0.09094745713290169], [6, 0.09405950850785245], [7, 0.09629403309845747], [8, 0.09713091521573157], [9, 0.07645048681808554], [10, 0.07993604658267292], [11, 0.057291862140149], [12, 0.05636957413417862], [13, 0.06175497585860566], [14, 0.06857532514592665], [15, 0.07775941729578381], [16, 0.05547217109890277], [17, 0.05842887856772294], [18, 0.06002290794635054], [19, 0.0632280784819294], [20, 0.06792559936033012], [21, 0.055952097354480645], [22, 0.052939130004682144], [23, 0.05010325033772123], [24, 0.06999909419965314], [25, 0.05905016109594429], [26, 0.037805866935547994], [27, 0.046769247716734214], [28, 0.0557752977690987], [29, 0.06180793620509243], [30, 0.05269001193362195], [31, 0.05173098550193594], [32, 0.053496791484858607], [33, 0.05384708646148574], [34, 0.06268182610717142], [35, 0.04169386019536616], [36, 0.05292699022901292], [37, 0.042832179450035514], [38, 0.05400923663514412], [39, 0.057946913096369526], [40, 0.0583236208817905], [41, 0.05390738590073393], [42, 0.05089262081695684], [43, 0.047608107503962604], [44, 0.043579911317028534], [45, 0.047695975256840786], [46, 0.044486066057574915], [47, 0.052828466957474306], [48, 0.053219809402307736], [49, 0.046497881041444415], [50, 0.040101630717526066]], "losses_centralized": [[0, 0.28769600539207457], [1, 0.23974706982374192], [2, 0.1606613727211952], [3, 0.11972397310137749], [4, 0.1035645426273346], [5, 0.0891020726248622], [6, 0.09095996432751417], [7, 0.07818075537532568], [8, 0.08185150926969946], [9, 0.07610680189207196], [10, 0.07671712809503078], [11, 0.07301978509165347], [12, 0.06647487005591393], [13, 0.07037475205771625], [14, 0.06477026037201285], [15, 0.06374188673198224], [16, 0.0628375906649977], [17, 0.06233369475323707], [18, 0.06182427219636738], [19, 0.05736950501855463], [20, 0.058211270715855065], [21, 0.06007101836176589], [22, 0.054991560224443674], [23, 0.05188449019026011], [24, 0.053860952799953524], [25, 0.05377418560702354], [26, 0.05179024540027603], [27, 0.05178202498555184], [28, 0.05323640954513103], [29, 0.054479895272292196], [30, 0.05150738474782556], [31, 0.0516538615946658], [32, 0.054934050523675976], [33, 0.04671646230057813], [34, 0.04874565015924163], [35, 0.04664837804045528], [36, 0.05021960550155491], [37, 0.04625749632073566], [38, 0.046563107859436424], [39, 0.05199159695482813], [40, 0.05223730515879579], [41, 0.04940495509002358], [42, 0.05150180927230977], [43, 0.04573402009995189], [44, 0.04300468891239725], [45, 0.047315701319323854], [46, 0.04598789865653962], [47, 0.0492959828636609], [48, 0.044948622414469716], [49, 0.04470587420037482], [50, 0.045695431597111744]], "metrics_distributed_fit": {"train_loss": [[1, 0.13071266301642478], [2, 0.10462409343959593], [3, 0.07796589626102618], [4, 0.09805187967188009], [5, 0.08210284445504266], [6, 0.06303599517578647], [7, 0.05873855176076861], [8, 0.04308670756701826], [9, 0.04616138165726155], [10, 0.07145366867592907], [11, 0.043321374656656676], [12, 0.062324298039970055], [13, 0.060091312225114414], [14, 0.05287888576953532], [15, 0.0630091985051322], [16, 0.05382395399304566], [17, 0.03943827704426363], [18, 0.058858400643098635], [19, 0.050750626354319026], [20, 0.05034209411186835], [21, 0.0487546390343496], [22, 0.0408263727693451], [23, 0.04776724708382464], [24, 0.048427451898927866], [25, 0.02967518272363701], [26, 0.03130180892742345], [27, 0.030759724928109508], [28, 0.04198945720940431], [29, 0.04503138779968861], [30, 0.029195279631015165], [31, 0.0392469600983602], [32, 0.03670091034034228], [33, 0.0343189945976734], [34, 0.025792395880914372], [35, 0.04227981120252122], [36, 0.042804087530079866], [37, 0.03373785025924873], [38, 0.038627409030540544], [39, 0.02450098508967691], [40, 0.033512002316672826], [41, 0.03551844955297507], [42, 0.03685117305651334], [43, 0.027346847035720177], [44, 0.03597228973189854], [45, 0.03552984648456365], [46, 0.03347654555637828], [47, 0.04048962192927304], [48, 0.024254924698232996], [49, 0.036599642301030355], [50, 0.02628286205703438]], "train_accuracy": [[1, 0.8294149318018664], [2, 0.8668504847460642], [3, 0.9005781442517297], [4, 0.8705667276051189], [5, 0.8854127402940067], [6, 0.914899605929818], [7, 0.9272291820191599], [8, 0.9475393700787401], [9, 0.9421518397764322], [10, 0.899485450674237], [11, 0.9441947565543071], [12, 0.9131758627052962], [13, 0.9177422286856936], [14, 0.9300845531411946], [15, 0.9117808721143276], [16, 0.9268813213324673], [17, 0.9487298349712591], [18, 0.9175880330762799], [19, 0.9308455361360416], [20, 0.9327267714364489], [21, 0.9348789950120081], [22, 0.9457254008919252], [23, 0.937190537318907], [24, 0.9346842601319509], [25, 0.9613092422665783], [26, 0.9591597459697118], [27, 0.9596804868771396], [28, 0.9447402239765008], [29, 0.9372873563218391], [30, 0.9636531365313653], [31, 0.9483391447972105], [32, 0.9526716123579679], [33, 0.9556019353002562], [34, 0.9676357136136984], [35, 0.9423533710944637], [36, 0.9390843373493976], [37, 0.9573375653472741], [38, 0.9491572772138933], [39, 0.9685924777045366], [40, 0.9555452003727866], [41, 0.9501352918438346], [42, 0.9510934760542585], [43, 0.9660471107839529], [44, 0.9519105312208761], [45, 0.9552925706771861], [46, 0.9556879538261032], [47, 0.9415984548882553], [48, 0.9659870426829268], [49, 0.9496937070725822], [50, 0.9673263629574309]]}, "metrics_distributed": {"test_accuracy": [[1, 0.574468085106383], [2, 0.5690559440559441], [3, 0.6418563922942206], [4, 0.6384039900249376], [5, 0.7842794759825328], [6, 0.7597911227154047], [7, 0.7187758478081059], [8, 0.7204030226700252], [9, 0.7678260869565218], [10, 0.7678275290215588], [11, 0.8471177944862155], [12, 0.8527659574468085], [13, 0.8268059181897301], [14, 0.8084929225645295], [15, 0.768650461022632], [16, 0.8651202749140894], [17, 0.8441780821917808], [18, 0.8481116584564861], [19, 0.8284023668639053], [20, 0.8197135636057288], [21, 0.8283518360375747], [22, 0.8598047914818101], [23, 0.8705780845556514], [24, 0.7964169381107492], [25, 0.8253061224489796], [26, 0.8995744680851064], [27, 0.8812860676009893], [28, 0.8437761069340016], [29, 0.8260869565217391], [30, 0.8548109965635738], [31, 0.8627946127946128], [32, 0.837384744341995], [33, 0.8524727577535625], [34, 0.8119800332778702], [35, 0.8825021132713441], [36, 0.847457627118644], [37, 0.8787346221441125], [38, 0.8453355155482815], [39, 0.8273809523809523], [40, 0.8289930555555556], [41, 0.8434134217067109], [42, 0.870995670995671], [43, 0.867056856187291], [44, 0.8805719091673675], [45, 0.8579982891360137], [46, 0.8706827309236947], [47, 0.8641350210970464], [48, 0.8458367683429514], [49, 0.8606010016694491], [50, 0.8843478260869565]]}, "metrics_centralized": {"test_accuracy": [[0, 0.13], [1, 0.4918], [2, 0.555], [3, 0.618], [4, 0.7114], [5, 0.7518], [6, 0.7449], [7, 0.7672], [8, 0.7565], [9, 0.7596], [10, 0.7766], [11, 0.7746], [12, 0.8046], [13, 0.7833], [14, 0.813], [15, 0.8127], [16, 0.8133], [17, 0.8124], [18, 0.8175], [19, 0.8301], [20, 0.836], [21, 0.8126], [22, 0.8325], [23, 0.847], [24, 0.8449], [25, 0.8408], [26, 0.8438], [27, 0.8446], [28, 0.8448], [29, 0.8339], [30, 0.8518], [31, 0.8447], [32, 0.8316], [33, 0.8614], [34, 0.8577], [35, 0.8645], [36, 0.8501], [37, 0.8586], [38, 0.8608], [39, 0.8434], [40, 0.8468], [41, 0.8504], [42, 0.8387], [43, 0.8646], [44, 0.8722], [45, 0.8587], [46, 0.8624], [47, 0.8481], [48, 0.8673], [49, 0.8646], [50, 0.8624]]}, "use_wandb": false}